id,capex,freeCashFlow
f3471a9ba2814e9889ff417bd1249e1c,0.0000,28913000000.0000
24058bdfb6394bd0a58aaf739ad50437,0.0000,930500000.0000
d19f2de1a5e74eb9a7942d49acb6303b,0.0000,1589100000.0000
41d70495dfcf4e9eb5e68298ed004f2d,0.0000,457000000.0000
4dff56fffbd147dca3731e41fa4a8498,0.0000,845000000.0000
e58607301532412ea9d3e321f659f72c,0.0000,140800000.0000
975e236b03134c8a8d655bd1b9aa02c1,0.0000,973400000.0000
b984d20067a746abba9d86f2264a45ff,0.0000,1147400000.0000
c3f6eae2ab4a47bab8c9203a41248c44,0.0000,1050600000.0000
cb91b80223d64317a34a1e5a03c7b469,0.0000,3792400000.0000
6766232eb8e042eb8292a02330955d74,0.0000,1431700000.0000
3ae6f56ba57941fa9c0d91a0d369cc00,0.0000,4602900000.0000
6f4cbcf7d3ad4c7d9a298acfe1d5e6a8,0.0000,1128000000.0000
163bea252c2f42a08ecd84335a7f0179,0.0000,1459000000.0000
a651d20fd466496abfbb82756627cd23,0.0000,977300000.0000
a028436290d24438a6220dd1fb74c4bc,0.0000,1327000000.0000
cd780381f0ac4e69bdea2aa1907961e5,0.0000,695300000.0000
ffcea7519a1a46558b9e9bcccd263a6e,0.0000,1003800000.0000
d5cc13358c1d41a78bde06ac3bb68b97,0.0000,4536700000.0000
660e536b8bd94433a22ae35e67a0312a,0.0000,290763000.0000
50465fcff1ab4d43997a8a078f97ffbe,0.0000,327014000.0000
b0ffc07281664d259d94b1b7a05da33e,0.0000,845000000.0000
4bd407899c7944eca4e5b02af437c894,0.0000,1176400000.0000
2b342e7e4df84a9dba5ee0e0584c8b50,0.0000,758000000.0000
c1544a1e2c464687bbc9eb47ce6327ac,0.0000,1534000000.0000
2b8cae22c5fc4b61ac0a2aa7fae9f08d,0.0000,358370000.0000
89bcf06619e846c7b0924381797a450d,0.0000,2164000000.0000
d8b84dfd8649457898cfd1ca24a5374c,0.0000,187100000.0000
86d16d037ae9420e9c5938c5eb862ffb,0.0000,775000000.0000
185b6aa3ae674ff9ba1ce781c597b682,0.0000,746000000.0000
1f0863b2b9e044a4ad45d908c326ac52,0.0000,914000000.0000
ca2a3d542c284d578522c1c5c90946db,0.0000,1497000000.0000
4732a29bc3f7424bb67c66af5157fb85,0.0000,788000000.0000
8d0d1c93a3164802940f0fad0ede8a99,0.0000,1452000000.0000
9bd32c3dc0c740808e6329239e0cb357,0.0000,
345e9cf09f1b412190aa48072be0dae7,0.0000,679000000.0000
ba3dc45151974e6d810833d68cee86b4,0.0000,2280000000.0000
fadbd817d1804609a750135354e5ef0a,0.0000,
804dc8d00c7b4cc1a0a6d5436ff3c519,0.0000,9649000000.0000
ad94c6551fb24b04a48c0d31f6083a2d,0.0000,20304000000.0000
f6f46fe754f4439aad4115915a2ad770,0.0000,-7100000000.0000
f9d9b2aa678e4afb8836e10231e28909,0.0000,-6518000000.0000
770c202b493044bb9644253ca8dd29fe,0.0000,37993000000.0000
d073faccf029440ba54101d1d45da612,0.0000,
e3b64442eb794c1b9fa14aba95ce8fd1,0.0000,
2aef7d53e5944cd686c51947c0bf4ff9,0.0000,
b2547857368241e3b843d4a38cea9405,0.0000,662130000.0000
2914c0ce298243d4bd88aa643a04e7e8,0.0000,177721000.0000
f6406ec8f5104238b10fc5a114130aba,0.0000,218214000.0000
79ba6ee89fcc47ffbda73c84280b68fe,0.0000,229737000.0000
cc60dad26b5e436ea073175a4d48863a,0.0000,
f0b77e959d8d4d29bf14b2d60cc0294a,0.0000,
09a292d6b02e40b8aba85b6bc5cc2f4c,0.0000,280950000.0000
d9bb88304ae74d7582e018aee75e07a0,0.0000,87544000.0000
f6abf82412fd4142ae750dea5d83f043,0.0000,9870000000.0000
a406fd3fa0da4ac9b3c891c52fa33900,0.0000,663000000.0000
47d46a8c9b3d40f2b57a1ff010ba87f1,0.0000,
2ffc0f5db698457cb18415eb3b2770c4,0.0000,
24b1350aa50046c6a0af87092541f974,0.0000,
f6db24801a1d44c88100bbdade44e919,0.0000,2064000000.0000
a58b8210cf4042c5a02336c7985e268a,0.0000,443000000.0000
78a32b04d90b420b91fb48d4ce3a241b,0.0000,1731000000.0000
e3d8b5551b1b48499bc3c8bee9c8dc55,0.0000,4469000000.0000
3c6645e872ed4e408aa5b419a3e1adbc,0.0000,4148000000.0000
8c62aa29f04f433fa8933301dcf39a5c,0.0000,554000000.0000
c87abee1ed06437db0fbe246f104077b,0.0000,
1d3db1e7e52b46a09377509caef2e669,0.0000,1144000000.0000
559237ef11314bf1a0b6861db9e19863,0.0000,4380000000.0000
9742d2a6da3d47d491e6aa69bab24668,0.0000,639000000.0000
46b7d128badb4f22bd263df0d8dcffb9,0.0000,1153000000.0000
c0229c36ce93478587c9d7e7413101b7,0.0000,2001000000.0000
c6a0f1da3b4b4e5cb9f28144f05e18d6,0.0000,
f2c0d36e5bfd467b9bf6d1dda1d79d80,0.0000,5205000000.0000
d425ac9be7a44b9ca942b4e6197b5698,0.0000,628000000.0000
b69b7dcbaefb4e318172c15dec438e65,0.0000,1664000000.0000
3a298ad504524478921c0f1b4f70120c,0.0000,2326000000.0000
deab0fa2d40b4358a051ed7887ba67cd,0.0000,6519000000.0000
60ba75bb54da4119a86e60b61d93d55b,0.0000,1190000000.0000
b3af3021a12b49369dd02647d40265f9,0.0000,1849000000.0000
e93935c5ec13490b9852a800226213e5,0.0000,2543000000.0000
beaefb6a47094ba39e4fdeb20d917861,0.0000,7274000000.0000
da80af45ae9d4366aeca1e3acfaae4e9,0.0000,1266000000.0000
1eb591f1bf0c40019e4399d62e38f454,0.0000,1375000000.0000
aeda2668c7074d91b111e181add5a5f4,0.0000,2484000000.0000
98e0929762be4052905397726508ca0a,0.0000,6465000000.0000
57f4d1fcb4464dd0914bcb74edba746f,0.0000,1012000000.0000
5e2fbb823a2d43bcac8269b183b2382b,0.0000,1549000000.0000
07fb4e815b50428ba8d36e1d8cecc785,0.0000,3046000000.0000
2080a61de85348baa9769e9a595a204f,0.0000,7711000000.0000
c409d32371244cdb96bcf85784bc9cf2,0.0000,1458000000.0000
18c2cd83642d4dd39335dfe33baf0a52,0.0000,1677000000.0000
174cd0c69533425eb7757d757e4731df,0.0000,3875000000.0000
8e2d25c78d6540bcae9d1f012c9d0458,0.0000,9074000000.0000
6f70f3c547564ac1a08e469dbe58c6c5,0.0000,1360000000.0000
5e9788dae7c145d0a443619688be493b,0.0000,2334000000.0000
f868fff746224cf482e508e8774ed383,0.0000,4227000000.0000
b2262a96322a47c9a87a05c1e0399230,0.0000,10606000000.0000
0078183b12be4e0cac658eccc5d947a3,0.0000,2198000000.0000
03f235e058234e1cb9613d88bfb2c743,0.0000,1916000000.0000
1a9f3c2fb49c42a7be50450b62342def,0.0000,1965000000.0000
1d2d87f5a48d4550bec77a71858e35bb,0.0000,758000000.0000
1dedcd438e7f42dcbec9142f0ea1a23d,0.0000,1237000000.0000
10f77ce929344c9099071e7ddd8582fb,0.0000,217472000.0000
3595f77c72bd4e558f1229d4ddc63175,0.0000,218707000.0000
67c188d8b6ac4e5eb2ec633e8933ddf8,0.0000,39520000000.0000
2f682b662c1b4e4aa324aa0ee4a511b2,0.0000,-3006000000.0000
ced6792ce93e40a8ab1f7d19f07a6b64,0.0000,
9dd859bcb562449d8bb10e9904f6d572,0.0000,7880000000.0000
993071b7af144493ad76962f5ffe3c2c,0.0000,1800000000.0000
7ded3471bd834db8b21609ae0f0d55ac,0.0000,1935000000.0000
d61e4e191f214f269df5c89a00e38331,0.0000,
981d0e11fed448e3b7e488f727408502,0.0000,54594000000.0000
cf0016206d05477d87e7de373a52a3ba,0.0000,-52328000000.0000
0e9d5e2f0d6a46fe97768baa9d46d604,0.0000,276000000.0000
2de47cb145224f2e944dff1f64e59dbb,0.0000,485000000.0000
964a6f8ebfcd413e94530f9bba30b1fc,0.0000,1534000000.0000
5924fa747e7f409ebb96601cd13c005c,0.0000,1590000000.0000
82892b8773d84df6867cb905050bd1bf,0.0000,630000000.0000
040853e1dd8044e7b226cbbd04ccb9ea,0.0000,2495000000.0000
bd2fb902c6134cdc89b0ae1a587299b5,0.0000,3500000000.0000
70d81f9bdea5433095153ff1863c845c,0.0000,-9311000000.0000
c6f74be83cd4483799011632234c9da7,0.0000,5579000000.0000
888a1ea67e7046559f095349651db47c,0.0000,2922000000.0000
ca01e7974a844e38a533642f918bd29d,0.0000,1617000000.0000
9e425f270da643809a0360e8143e2f0b,0.0000,1164000000.0000
50f629a4b09440d2b2b8f8ce313c0d4e,0.0000,-21383000000.0000
26105ad20b9e4d18bca4cd0fe29ac04e,0.0000,1401000000.0000
67a0ac2197534a08957adac6261a7a82,0.0000,2243000000.0000
d4c7c3a97e6d49d0a82c78b7ce98f084,0.0000,604000000.0000
7428efc169174b6193f653f84da92f55,0.0000,370000000.0000
361033eb9e604f35aba03414bb30ca7d,0.0000,-154158000000.0000
b74e6f09a945417284193128b96b7421,0.0000,3027000000.0000
7bb82f699ecf4dd5ab6495d8298caecf,0.0000,7363000000.0000
821a93a37d8c475387e2f12aeb81be40,0.0000,-696000000.0000
d7441a3153fa4e9eb369c3c2fa44b399,0.0000,828000000.0000
dd0e2e0fafd0465783e67ce14bfc56ad,0.0000,780000000.0000
b99f74de4f854e7c92f1063c3dbb08cb,0.0000,38469000000.0000
3f87d909a27146bc8618f7070979b5a4,0.0000,393000000.0000
aa39e7639f90473a87d281df5b05daed,0.0000,4659000000.0000
58198ee9ee4d4f069ab2f4853c533f30,0.0000,1415000000.0000
921cc3175dd1429497725a124a299066,0.0000,1525000000.0000
5c6792699a024b66b488936c3486f4c5,0.0000,7214000000.0000
3f898dc8388f4f4296e939c91d5f4d2f,0.0000,-989000000.0000
17b7d3e8b2bf457a818fd70cb3632978,0.0000,2632000000.0000
578aa62c50ae4f42961ecc8b11176763,0.0000,3394000000.0000
9f31e277c598456a9d685bd2c4591f56,0.0000,9083000000.0000
25aa24c2d77840f1b7e85dc22b015f53,0.0000,1876000000.0000
d0790a5f71e74684ae043713b0085456,0.0000,3256000000.0000
8c01a1ca6d9b4150b6e3848da7fabcd6,0.0000,115000000.0000
68da4d71dac94fb5940e356b75aedddd,0.0000,10111000000.0000
a4072efb8d2542f39cb1fe80e1a861b3,0.0000,18865000000.0000
b6d17be274ad41b3b66676fc57716704,0.0000,60231000000.0000
0e913ef68dea40a7b211c0eb2471a1a9,0.0000,9795000000.0000
dd3a1aa3edcb4e5ba43ad1f3bac74dbc,0.0000,-7193000000.0000
90ea037fb1eb44d798fc88bac52f6df6,0.0000,-11300000000.0000
2f327aac12404a11a7871446a05659e6,0.0000,11786000000.0000
6ecb3663da9f41b09948c3f4f7b0347c,0.0000,11772000000.0000
02c0d1d503f24bf28b9898b5f65083b4,0.0000,44982000000.0000
9cc0a0ee398d4c89b675b3ec4d72e681,0.0000,32724000000.0000
8fb377e7139f416f9bda330a9cdd37b9,0.0000,-15539000000.0000
0252bad18652401dbe2a5e9ca08593d0,0.0000,18096000000.0000
ae34165dfaac4e35802f485980cbb5be,0.0000,-37276000000.0000
a4c5b96edef544ae8954e718a737a591,0.0000,-8805000000.0000
aee6b6e8144c4f3ca0514ffab1f4ec42,0.0000,25914000000.0000
500e8c16cb34498799069a96a46d36af,0.0000,-2184000000.0000
2477fb9cbac84a8d800b650c8cc6319a,0.0000,-9132000000.0000
c49b9de5a6cb46889f0f35722aa81aa8,0.0000,12613000000.0000
3ef70074d1be4441bddca12a696b4e4a,0.0000,-22945000000.0000
8f9f6beded6c47aa86ee151f9dbcb284,0.0000,15101000000.0000
37a20877dced4a858d73950a92049ddc,0.0000,44651000000.0000
c198be4d3dd6425fa87a6262fa7c0d04,0.0000,-1806348000.0000
7faf177178d245df9038021d623f8c70,0.0000,-45430000000.0000
11ca77c7c32245f2959ac0bf17d0e3d3,0.0000,-5049000000.0000
4535b7f41af64f3ba0cdc81ac0b2b03b,0.0000,-3618209000.0000
52b197a6c8924640a3db34d16b5b6ca2,0.0000,-647535000.0000
4ffa008360e249c9bb1eb2db74fdcfbe,0.0000,1107124000.0000
5d67d175117b441fb838f0685c05f777,0.0000,1105000000.0000
17e7aec413b04530ba40ac2c80af74b6,0.0000,13154000000.0000
4853a311a3e742caacb2becc9cc578cd,0.0000,41770000000.0000
8ad5593c11a7403c881fe0ffeb65ddf1,0.0000,223913000.0000
4336a69db69e4c82818f6e02c928975f,0.0000,966000000.0000
ccc9f43f3e824cf0922f9becd1364c8c,0.0000,476000000.0000
7ac27fd9ffc84e9c98f85c0f75176dc6,0.0000,860000000.0000
bdd73cce21644e1caf58204d8256bf8f,0.0000,-111655000.0000
3e036e56cfa9477c973cdcd741ce07bc,0.0000,1020000000.0000
304be1a39d6940388697c9837be26163,0.0000,1133000000.0000
25a156e61ba44402a79f1df0503fbd5c,0.0000,1684000000.0000
301f3c9fab8e42608cc3335f27584cf4,0.0000,1455000000.0000
95c35eede2de44b29f1f781ecc5657ad,0.0000,1771000000.0000
e4eff8a5cd86465e8350f47326762f2e,0.0000,4503000000.0000
16faf300e4a7442dbb3bf2ef96a606e6,0.0000,1092000000.0000
a446449264554407a13921f7c25a2910,0.0000,2005000000.0000
f363ca3b317d42aa8e9a5b9e2a575957,0.0000,767650000.0000
e54ad4329d4b4dc6b7fb8edb64caccba,0.0000,551000000.0000
48c10630e3384513bc0e81ec0e29f421,0.0000,1646000000.0000
9811e29f8f844f1db6c28f7c1bf3d18e,0.0000,1700000000.0000
77ab029382a345b2a4a0a5452c66e94b,0.0000,1429000000.0000
4aab0544f0234201b13820bd3fad813e,0.0000,6342000000.0000
a495bdd9bbc64ad68d1dd62100d27ef2,0.0000,3186000000.0000
e65df5a1725c44a7bdf5769d06a810b4,0.0000,3220000000.0000
340434dac3974c6a9ca49f3028c6e868,0.0000,4318000000.0000
b3fd658cd2a442dab323e30ddae41aeb,0.0000,708746000.0000
e1eb654491124d84a3fa97a919533b35,0.0000,148111000.0000
bc5ef1c52c504d12bf5547904a437dab,0.0000,5292000000.0000
b69d463ce2ce41528a5bf3baa8b2d2c6,0.0000,1013000000.0000
b3977461f7d744bcb7d6b28eff5456bb,0.0000,627000000.0000
e149118fe779457082a01a13050289fe,0.0000,5480000000.0000
64eadbf9fd87454880132b7a875d358f,0.0000,1583000000.0000
5fef53500f2d4d8d95b2f12b94c45c44,0.0000,1322000000.0000
f807057ff919404eb8b4b4d274d0cfd9,0.0000,1386000000.0000
490a4be183d3467685c05c3e7ec85a8b,0.0000,2205000000.0000
e523df2e54bf47d5827bc7cac5731384,0.0000,1712000000.0000
85802d9375a04d0cb78d20db581317ca,0.0000,1985000000.0000
a99927714182411181a81c0972385501,0.0000,3544000000.0000
b9b969d9bc2a4694adbfbb183f758223,0.0000,9785000000.0000
d58d9f252ecb424abac6e4655a6d67ad,0.0000,2544000000.0000
3db52baf76834cdd8da3db63871760e1,0.0000,2105000000.0000
e1d39c9a8b6a4e2e926723bba1830262,0.0000,3122000000.0000
0d8e2cc33e5e4c258cf3ee8d2324cf9c,0.0000,3322000000.0000
f2e91c1ec9834197b287f1c2b0a1f6ba,0.0000,11151000000.0000
382518204a5345d3b8e1c47820a72cb0,0.0000,2602000000.0000
711a2f9d097e4f5fa10f51ba9ca956f5,0.0000,2444000000.0000
21bf64642874462cadcb245ab8d67446,0.0000,2722000000.0000
0de61ad90b9f4eba8192541e8105c6ff,0.0000,3434000000.0000
4814f01525524ee29cc85e625e01602e,0.0000,2251000000.0000
730f3772bb104a57b490c36781ab5992,0.0000,2515000000.0000
2c7a8e954145406a91f52e2c3251cc74,0.0000,12632000000.0000
45b0eb5b07294daea63caa4a29e61183,0.0000,4680000000.0000
89cbb0beea214d8395199136d9c4ab3b,0.0000,1566000000.0000
4dc486361b5349a2af50512842a840bd,0.0000,3551000000.0000
1b6ec6a6f3504fc0a3c501f3a4acc891,0.0000,3639000000.0000
0af13b2668ad48d8ab47824f0ebf7efe,0.0000,3947000000.0000
8d93ef9c91064aa29f83bb566808d93c,0.0000,4060000000.0000
54b44ce620614b629d01ec3700747db8,0.0000,1692000000.0000
a9a5346bfdf94db08bf7b7e11309fd7f,0.0000,1020000000.0000
06671154cf254ec0831786c762d21e56,0.0000,709000000.0000
ef6e79b8da4a44a88b3b5f4b42272603,0.0000,632000000.0000
a0c00a21697445fcb39eca239ac1c0da,0.0000,273000000.0000
7895be09291e494a9f955048d53c7665,0.0000,261000000.0000
84d345f50dd14543a2c2186076995d3f,0.0000,5914000000.0000
a5ba61af9d774309bb45b2f58a883fea,0.0000,314000000.0000
39524a7ae1484accbe7b56e09cc51615,0.0000,1441000000.0000
a4b85995ae4247d4b554961d0f58e873,0.0000,218000000.0000
7d2b35c182b8440bb7ee257095807513,0.0000,3065151000.0000
134bc10148314b8bbeb26872710db01f,0.0000,2137000000.0000
a13a7e6326b94bb094d0157782add04e,0.0000,4046000000.0000
eaf612459df5400f8087d1acaa6cfbff,0.0000,4864000000.0000
ac6a08643cc643708ab447400fed8fa0,0.0000,1035000000.0000
7e54dd336140416baf824adffcf1f8c4,0.0000,3287000000.0000
59645a8ab2c74d758c2497f17ec84dd3,0.0000,-509000000.0000
05b48625a0e746b5953bd7d64fa4f5e9,0.0000,4384000000.0000
cb0968b85f65491a841eb3e702497c1b,0.0000,757000000.0000
00a1a59f89114abc92c70abc2535bcd6,0.0000,2656000000.0000
3a94b6e0e9c34371a0cd162e87e16025,0.0000,1928000000.0000
5830a2fca75a4026b5feb6a635ceac61,0.0000,1205000000.0000
0bd61c3e8cbc4f9ca27dd5c79016cf12,0.0000,7840000000.0000
13191715dae44360b0a106446c5335dc,0.0000,1734000000.0000
7df28ebf3ff141a9853e634d6e558701,0.0000,384819000.0000
4dab532c0ec1494da2e4f251494828bc,0.0000,995132000.0000
943fab5732f44fcb98cab268854c7862,0.0000,1758000000.0000
0865d49174994daaa5b62b5279d1e3a6,0.0000,1480000000.0000
9ac042ccadd440359f05d813212d4c9a,0.0000,98542000.0000
c35593074bff4d15b2fb89d5bee4bf49,0.0000,205119000.0000
5c07ac29f6aa40909df1db2e5723485b,0.0000,219119000.0000
ad26a9cafa5448f79e8162ad22c65394,0.0000,15230000000.0000
96be5af235c74bd79915b13d1a7edb3f,0.0000,-849000000.0000
62baa4b2ae764026874e076eacb66d49,0.0000,-22765000000.0000
06c6fece5da84413aaa264f8fa8910ef,0.0000,355556000.0000
3ac09b50e29e48e2bf008abaed639184,0.0000,270091000.0000
a10cc782fab44c77a0c2f3c0da9d3dd0,0.0000,806366000.0000
afd6b80a0f0144d9acf0eaf66c393528,0.0000,497933000.0000
9993ac279b284a0792d8563660ca297d,0.0000,899655000.0000
235b8ecbfb224cc2a5ab508bc3081554,0.0000,3987000000.0000
83b11e842d1a4e32a32d3cb8b3adce42,0.0000,4206000000.0000
9b701dd899bd4cc0894244a972d49e2c,0.0000,-1127000000.0000
50f25c47a8b343b4a0992ef57fe5229d,0.0000,147570000.0000
067c370a114c4779b67a4649963e13d7,0.0000,824000000.0000
a23809cc13dd483283cc135457f8569b,0.0000,664000000.0000
89f42942ff1940d6a6e241d2ab5fdcbd,0.0000,348000000.0000
3214652235dd4651b5642ff92638e4a5,0.0000,533000000.0000
a5944c0cd6314245a26b664e2a642847,0.0000,355000000.0000
d9b9aae7952e48e9a6c5eda229fcd713,0.0000,1925800000.0000
fc8b11e39ab142c3b3e9a7ea8462d62d,0.0000,309000000.0000
edda845b1f954b9398fa8cd992daa252,0.0000,4270400000.0000
af278a71770f49ec9085bc442181690a,0.0000,5223200000.0000
bf5764336a5c4284b829d2e119ae675e,0.0000,850000000.0000
a55971ff8af24f8a886086be1eb27ba4,0.0000,-45214000000.0000
10ad1eb76a014fe19b31c1c530208673,0.0000,3857800000.0000
7d8d945ec4bd464b8c263eca659cd209,0.0000,1799600000.0000
7cbfc158b64048578ddd5fcdeacb67fa,0.0000,559300000.0000
1bc1b534f14f42e8a4c3eb49fd6c834a,0.0000,1770000000.0000
1e85ade5412046ff852140e0d150d6e0,0.0000,2075700000.0000
0e60a5cae7274e9ea472c70fd661ef8a,0.0000,1442600000.0000
127ba99d5dd544688d0cd9a9bad24204,0.0000,1441000000.0000
57147c0b41904603adf6815df4e6cba7,0.0000,1874000000.0000
7979a723eb5d45d698389a02f568b627,0.0000,1423000000.0000
4995d62926664cb9ac0c3294005c9fe4,0.0000,554000000.0000
048a107c7a5a4f00ac9712ca25952ab9,0.0000,3190000000.0000
f80f353a8c79492f983bdefe61977728,0.0000,1589000000.0000
9a9ffe0f719a4289b7f8c90a9f77bb86,0.0000,1862000000.0000
45f5e46680784c94a23b0a2cb8ed1271,0.0000,1434000000.0000
77bb1fc912de46b68f68bd732eecf0c7,0.0000,3255000000.0000
aec2c8308c894c2b86a3603abc16f78e,0.0000,3225000000.0000
d8cf24171e724666ab44c142e3cda418,0.0000,10564000000.0000
097114e9f18b4f41bac773dab4a120af,0.0000,1296000000.0000
d6993d8bc54e4a87ae0217e0bef24558,0.0000,609000000.0000
4b90a1b82f2a4f3e8f198441c2b7a952,0.0000,3505000000.0000
aedf6f91dea24791a12010d27cd8b30f,0.0000,3873000000.0000
a56427fe633d41e48cf553b6d376c1ea,0.0000,842000000.0000
e51c61f736694fc49291ed71c3623dab,0.0000,2661000000.0000
2339247729484cadac2e6d18e5feb9b8,0.0000,11350000000.0000
13ac8bc29bf64240a84ec9ecf57dfa1f,0.0000,2874000000.0000
5e502653b1b548ee8a2d04cdae281564,0.0000,3388000000.0000
1fd7891691d9475699bd1bb268a616a4,0.0000,7970000000.0000
6bedf053ecf34c058d25d3d5ea674f87,0.0000,54000000.0000
7d2b05eca9c446359b3abc8d0d9f5e60,0.0000,
746de6286e70444b8eda03ee70be19d2,0.0000,165000000.0000
dde56168d3e64c5da7aa1a9a6f1ff207,0.0000,-1069000000.0000
f864a0d63837438c9479d26f524f6e7f,0.0000,937000000.0000
d9f0fef4a8114e33b264368012bf6121,0.0000,141445000.0000
8894d5549893469299ae8d3d2dd84522,0.0000,1290600000.0000
96beab14735f4f89ad1fc54a65572fd5,0.0000,3832900000.0000
f38a12a685e6497c878409ac96885a96,0.0000,526000000.0000
9d2ad79bafda42dd99e105e99a470ad3,0.0000,900261000.0000
6194e3f5ed554322815c248ef63f88f1,0.0000,6888000000.0000
c6bfef6dbbb6436bbe580e414c397f71,0.0000,1261000000.0000
95a70f2d509241529726010f5e31d7eb,0.0000,5336000000.0000
bcdfb633d0d14119b9bf79f6d6e078ba,0.0000,4889000000.0000
0abeb53c751c44e388aceed07f6af8ef,0.0000,2354000000.0000
50601d131320497985ef53915fcdbe89,0.0000,159634000.0000
74f8b31fc067445f82e5b07d446dceeb,0.0000,225778000.0000
bed31228b2f44c2eb0daaf84f84fa40c,0.0000,335068000.0000
aaa93a19bd26411497b9964d904ab504,0.0000,-853000000.0000
55ce013b2c874eb5ab162cf7341e37ba,0.0000,220156000.0000
f040b0260dae49b292c292d957b43eb4,0.0000,3284000000.0000
76e21e5b16af4bffb6678bf7756676b9,0.0000,3716000000.0000
2d2ab3c81d1a4692818fd9b464f51662,0.0000,2249000000.0000
280c36c15fbb482e935f36988604bfb9,0.0000,2098000000.0000
5011915ea81b4cb39c3160a5fe46bbfc,0.0000,1340000000.0000
7ccfd61bd92943d5bb2d270d0b55de86,0.0000,-169000000.0000
6cf1bbaa186b4a6aa286077e1c12e3ef,0.0000,5583000000.0000
8d5ae1e8bc6b468ca8831c69b85ddc6f,0.0000,2647000000.0000
8a2bda647e53434aaa116cbdac73217a,0.0000,703000000.0000
e717525db4024d01b721cfd9a054ba4a,0.0000,8477000000.0000
2edfa8ea3abf46848ca049205e80fa29,0.0000,6472000000.0000
cfa2383599bb4ca7926fc6a89d734b41,0.0000,362000000.0000
c9f83b69bb734ad29183b48f43ea716b,0.0000,4843000000.0000
cb003d854b7f462eb1a026a6000b9774,0.0000,2836000000.0000
0b03dc1762eb40e1bcaeda6f92f045b1,0.0000,359000000.0000
b234c05d00c14900b0a0b07b13bb7715,0.0000,290000000.0000
97407fb755174254b7e27a1a41a9a0e0,0.0000,3046000000.0000
679a17107bb940e398dc11efd5ba43fd,0.0000,307000000.0000
b0da787ffc6842a892670afb74180d53,0.0000,2420000000.0000
edaf7723d30744bca2078b19d3b83d90,0.0000,800047000.0000
bc15b9f573d64650b3394174af57976f,0.0000,345321000.0000
2b8690d261ed4429bb6b8e1713b6a183,0.0000,29043000000.0000
2b8b2467e1834af0a71b00ea9ab2f488,0.0000,21119000000.0000
318588f7ca774139bcdbb11da8a1f945,0.0000,290000000.0000
45e30c16dee5499db8f46da412f2b5cb,0.0000,8393000000.0000
49517559150f41158bb7449c578131fb,0.0000,
3c3168d0343e47a7a6d2f4a5604cc303,0.0000,-307000000.0000
1367b1cb4bfd4949afe83b6e477790bc,0.0000,3316000000.0000
fde7e66e63004a37aeac6c20c2e4dfd6,0.0000,972000000.0000
8294cf9ab748457e84c21bb4bb9f4071,0.0000,1039000000.0000
2c9dd06bb50d4abe8480c751369867f2,0.0000,304000000.0000
c4e64de7900144698a7758928cb631e3,0.0000,-308000000.0000
644b1a28f69d4016b09a369a23927017,0.0000,2054000000.0000
cf89124e3df149809757f6450a820bf1,0.0000,447000000.0000
f50e33f071f449658786639c54729021,0.0000,348000000.0000
c0283388838544d1826ecab4d777ad34,0.0000,1923000000.0000
587982d12e52422daf84c06a6a8e2c51,0.0000,-1073000000.0000
866f5cdc7ae348d3b4a40ab02cf2a59d,0.0000,2064000000.0000
6a0e57463b074708b36c414226f8843a,0.0000,4173000000.0000
542fca000d1840d0b7c1bf42320a34ae,0.0000,13138000000.0000
80b7f0cfd1754482891af647df91943f,0.0000,12423000000.0000
3ddf19c17b874bcaa01c7bbd29035a8e,0.0000,15505000000.0000
798fe0d6690f44078edeb0183dc76205,0.0000,529393000.0000
6cd96b48bc4548edbbe8bd29dc1d1e4e,0.0000,1150245000.0000
453cad3a6c9b49918b7271ddb44701e8,0.0000,921859000.0000
3896ba67f0844596a43aa0b4e5c6878c,0.0000,379618000.0000
1382ce0de3204da1b7007e93e6c705b2,0.0000,1264436000.0000
a559dfcd791049e5b714735f806eae6c,0.0000,959543000.0000
5f3a0f49637a4591b0fb1c3e835b3089,0.0000,290290000.0000
d81580cf8e694c4d9c538e09d9655b04,0.0000,893068000.0000
b3e8911dd199494790fc61ed7b0020e8,0.0000,673376000.0000
35c58b0666e04f5a9609b443292f00fa,0.0000,411485000.0000
45ea1cb532284fe4947c66ceaece8ccd,0.0000,484197000.0000
b99ff392ba414c55aa6326b97dd50615,0.0000,696544000.0000
72f69bc2bdf2459fa91c3907426d5e4c,0.0000,3103935000.0000
ba2f08ebbe094215bc6da35f79d1d076,0.0000,852694000.0000
2dd77cad39a3435aba049e939883a399,0.0000,-706947000.0000
b3c8444bad6649399ca54edba946a0d4,0.0000,-784515000.0000
487e221eb7734ba380af26c45248fd19,0.0000,1306200000.0000
2d5a368ed3f845f1994587d6cd69fc9c,0.0000,4188000000.0000
2652393df6a3439d8ac4316b7defbdd5,0.0000,746500000.0000
b1bedc482b064f40b77a35d75d815e9b,0.0000,895500000.0000
beb9fd0070b04a77ae360eb0b8d8b09c,0.0000,2426383000.0000
16370953cbe44cf1b35b9250852c8a69,0.0000,1230100000.0000
2a539571325141b28100855ca343ef5c,0.0000,182744000.0000
1dccf58cd8e94075893dbaa0f4f93478,0.0000,197310000.0000
d7fb47e354cb471894eacdd8609518b2,0.0000,
484ad2e985044d79a4a7f6d63b00b840,0.0000,
f81a6959c06f4c3f9ee82eadc2d56a67,0.0000,
c044097291474fbfbb9c2ea17e2e0f2b,0.0000,
897fd4e7cb944cfd9075948d307e8cec,0.0000,
669a234eed5846b28d5d1601e5a40436,0.0000,
3a5d7b93a4bc4962b882f8fa3b902098,0.0000,
08685906c4c44e9c89205ddf2006e820,0.0000,
b7930f8d57664748a2a9913d1fde3ab8,0.0000,
a034629bf34c47eeb4b4ff66bbdc8c07,0.0000,
e178e6d503194610bb35099f44e48dbf,0.0000,
042d67d832204a498feccc36067d7895,0.0000,-35109000000.0000
b97f21624f204ad0884e135010c668f6,0.0000,-13854000000.0000
60b5fa4f2caf4c84af03baf283346c20,0.0000,375476000.0000
971ffba6a6ff46368bab85d74ae53a88,0.0000,308090000.0000
578c035e54c147a5b83eeda3ca451f47,0.0000,277182000.0000
c716ab3a51934cb4819aa5ea8bdaa046,0.0000,1383600000.0000
05e0ec1cc95c455fa1bea07c433e09a9,0.0000,422852000.0000
4fa9f112387c4a589296ffb019183ae6,0.0000,381812000.0000
3b41fb084f1143ff888e05cfa01b3034,0.0000,252550000.0000
4ec188e30c364b70aeea49e38f976961,0.0000,409856000.0000
478a6deb0d4f4bc0aec6a634344dde11,0.0000,1162693000.0000
af1441ad6538445baadd4c6cf64c2036,0.0000,118475000.0000
423b9938060642fdb377856782283108,0.0000,195640000.0000
5155d5dc5bdf4266b2918a69efdc93fa,0.0000,-62992000.0000
730db13b10554637858ee75f9ce9f18b,0.0000,410981000.0000
a5222b1babd7411f9c40b4bbb6e250e1,0.0000,610069000.0000
ade0584179da4581afacbab6f96beb8a,0.0000,66440000.0000
5c7f011f346f4db586f7215bab8b7c1e,0.0000,459802000.0000
1f517782f2dc49199a7add81f0d90dd7,0.0000,393709000.0000
791988e033e94466ae1e1b79467b111c,0.0000,633352000.0000
d9b10ba0dce643599dec32047338c8c2,0.0000,1852002000.0000
9c826c8f7c72483b897a64428b4bd46e,0.0000,365139000.0000
4ff952bd314d4f9cbbed2468da991787,0.0000,505989000.0000
c02cfff653934143883f9278f3630d63,0.0000,598597000.0000
e857779a93244f139a9df4b1c1e16f5a,0.0000,1086022000.0000
6c229e5712524a1d85515bdce51b3b20,0.0000,2874000000.0000
2d4e5c191c7a47039b198e448db8e09f,0.0000,904366000.0000
ff9b292d8e9a45a98398ee8d8cce9380,0.0000,723596000.0000
c7ffbb01eb564e49ad86666af10a688e,0.0000,1163038000.0000
e11248881f414e639b208b97a62f3b39,0.0000,3833000000.0000
3dba3abdb9a248bd952b3765201e38f4,0.0000,1042000000.0000
501a2cfa4a1940c6b97bd74b1668a1c5,0.0000,846000000.0000
44ee646c67dc4edfa406faa7179b0d28,0.0000,716000000.0000
e80165a086934cd6a2ffb1db450c2b9d,0.0000,1118000000.0000
37c7b6f400254912ad388186d854cd20,0.0000,3695000000.0000
367feb7f8b9b4208ba5f684c86798bec,0.0000,1015000000.0000
9e8ae75426ad4237bcd0c1a919738776,0.0000,1064000000.0000
ac56ebad60b14ae9afc160bffb79a509,0.0000,1094000000.0000
55b8812782f945d5bd0564abb89b06d3,0.0000,1378000000.0000
72dc9df415c849c28518c4317ea3ebeb,0.0000,4553000000.0000
aa1bc0aec86a4241b5749976028c10db,0.0000,1017000000.0000
da1c310492944872a7288ce4a774571c,0.0000,1102000000.0000
e57b0e242180437f80bd9b6ac5e671ad,0.0000,1337000000.0000
59ce057780f24062ae1c0e98e14eaf34,0.0000,1738000000.0000
d68c59a0fe9e413fa8fa9143fd5d53ed,0.0000,4957000000.0000
d59882e0408e41ed914ff28ae6b8554b,0.0000,780000000.0000
61095b3e792d4a3ea022913163734480,0.0000,928000000.0000
073aa1ec1ecc4f52ae5cfdcd19073822,0.0000,3068000000.0000
686a30f6b18d4dd6b23390da366e44e4,0.0000,-398000000.0000
f3535107b6cf42528f2d4ba1392ae851,0.0000,417000000.0000
30957f49dc56400a8231655f6a1691e5,0.0000,-3905000.0000
3ffaaa3d82664b84a6913bdc8f6aac9a,0.0000,106568000.0000
072da36de67c4bb98f9368fc1a980a79,0.0000,135660000.0000
34585083087b4a21a73f01d01ac13f94,0.0000,
27fc14e6c65545069d09e89bdc694793,0.0000,
b21df2621f454c5caf215f7219e813cc,0.0000,
0b971c73b7894f80be1305ed03e24235,0.0000,
28e85ab7b2204fc0a057dc069823b138,0.0000,
73dc51062c4044b5ad1887377ec4a81d,0.0000,
69a9fdeb438a4e82b99f6dd678209849,0.0000,
222a9377b5514ac5a5f3b869a215ce99,0.0000,
e04a6cec4bb74673a31adf41a36c2cbe,0.0000,15237000.0000
e77705f9a6ec4a438f962ffa3a05dc4c,0.0000,-78813000.0000
655ba6dcec19477783c1a960aac2d5a5,0.0000,
da175aa29b1a46a1a4a77a1a44181a20,0.0000,
83808b4c477f4b6ca2df5f464c12cf29,0.0000,
91451b0fefaa4767bbf8cf9cba860842,0.0000,
54624c8adaaf4ea38d3a73533f0207a4,0.0000,
4bf660ddcdde4fda874a4b233b3a055b,0.0000,122726000.0000
d76f352ac30a43478da276c7b0328899,0.0000,-8062000000.0000
0d13f46b875a40bca1df2f99b8a783d3,0.0000,-8576000000.0000
8556ba90fa57417287292b2d82de40ef,0.0000,6658000000.0000
c898c9c73ba246109d10efd4f781b4a4,0.0000,36073000000.0000
3a23062ce43a4d19ba2b8893e7a4fd52,0.0000,15034000000.0000
7194d1395dca4417aed87b1cb2928bc0,0.0000,2051000000.0000
42c86a3074a04f5eb28a43d14d5f94d1,0.0000,-4810000000.0000
17ecee2f8dcf49b1a519965ed6d84208,0.0000,-11525000000.0000
ceff4caab188496690fa6c5670525e61,0.0000,4817000000.0000
f4a319b087ed47a3b09034a619930faa,0.0000,199000000.0000
c6a86c30d5e84b9384d4d72bc471cce5,0.0000,7588000000.0000
6e4ef627b62e41fa88b26796b462a580,0.0000,7406000000.0000
d25d394dacab435f8703e8177bcf5634,0.0000,18202000000.0000
03d2e2235ecd48f58e09287d0e6edc03,0.0000,9143000000.0000
321d78eedf754f95bcceb2beea76c109,0.0000,237000000.0000
f7b7a27e92364bb7ae78885ea706780e,0.0000,17273000000.0000
9ec5156028d946258a6748c3d63d4594,0.0000,-3470000000.0000
4eb8386cdf3c488fb74c7c7ca1cefbe8,0.0000,12016000000.0000
d56bce3520b543249b1b718404147535,0.0000,-12125000000.0000
c8ff65961b904677a85358ccb88f5e4f,0.0000,2050000000.0000
4aa0f43b22934c97a37e19964ac6d599,0.0000,3035000000.0000
05ca5144a6514938887d64d50d3ad39a,0.0000,-11216000000.0000
a04bbfcc2f6743baa65e5cdad918d056,0.0000,-869000000.0000
bb76908022c74cfaa85f47f87e19ca55,0.0000,-19001000000.0000
ee732497ebef4946a5746828438b7ddb,0.0000,1827000000.0000
ef419e01a8e2450387cb6bbe5421df80,0.0000,598900000.0000
d807e0613c0246c2ae031f43f789f5ef,0.0000,31500000.0000
807b12f48c604aa7b659df88f03b96bf,0.0000,807200000.0000
4c27703c78a94eaf909a0b11964216bc,0.0000,
9f32ca0d961443b289b2368d357b0fbf,0.0000,
e8b02713f8d0467eb30bb0a070ce978b,0.0000,
770ea1dbf2c347518661924e411642c7,0.0000,
dd5488c0884c41079d96d8f4798e333b,0.0000,
7b89223d0a0344e88147258b7a570145,0.0000,
a191659148254c4facfa0c3282364312,0.0000,
43978f7d1e92407da3fe7eee9ecd3e6f,0.0000,236868000.0000
639d9a02c8d444c5b859f665c93eaf89,0.0000,211741000.0000
7d53fd7199594f3781d2bdf4bc683fb7,0.0000,795248000.0000
e80a21f95fab43fe929903a1edc90605,0.0000,
7a3b24f2b2fa4892961eebea1c96159c,0.0000,
6dd8a175b5ac42749b546ce33d7eb905,0.0000,
dca1b378a6104147a65d0c4e79bf23bc,0.0000,
e728d74275714ce7a1ed383da6ffc939,0.0000,
3843b48c1ee24d9a888d84d995b273b3,0.0000,
2237ff3cb5824bc584067980b6ee3ba0,0.0000,
b04698d540874b60be6b3fcc58895980,0.0000,
c56fee7a8ef146c28a2617c370d85f21,0.0000,
2d0da3e6ac8e4361935f47a2286d6f49,0.0000,
6aaffe61d6c445e4b2c0d2da0da3313a,0.0000,
5a1c4877d6984957b26edaa7eb3336c7,0.0000,-18292000000.0000
5609631d7ef24e399fc4116cd88b8b57,0.0000,-52099000000.0000
91b1e2046810416d9005f297df5561ad,0.0000,
f724382499de40f687b1c07577f0b992,0.0000,19705000000.0000
6b0a4c3ce45d42ec99d5ab92cf5ca833,0.0000,36958000000.0000
3a165364507940a084e756c07805ad90,0.0000,31425000000.0000
5eb46732894c4ace8de2f18b7b8d5e4d,0.0000,14647000000.0000
663e6627479140dab31ec7d9efe6b044,0.0000,86068000000.0000
c2f2c951e02c44158e330bd2353ce0e3,0.0000,3279000000.0000
f7920a5bd3ab47ab891180c0a334818c,0.0000,21851000000.0000
91a5fe92514a4e5793df4aab948fefc5,0.0000,-319000000.0000
7cc76d479b8b4bcab75690054ec41d96,0.0000,
20c8c215f747463d802a7df887d8c5bf,0.0000,795301000.0000
3e33f74e385a452483d8527120672905,0.0000,698076000.0000
17b09d40f46c432098e8ee9a5a66bb5d,0.0000,810033000.0000
3af1392b92704959bcbd4fff7dfe0458,0.0000,2568604000.0000
6013aa26df63457a851f693d04c2a5da,0.0000,445323000.0000
df64931bdfe5474db9cada01c8b86669,0.0000,3582616000.0000
adac0136c2734b5d85ff0f9f8d033317,0.0000,1616686000.0000
71c22437969847f5994722d7bfac21cc,0.0000,479741000.0000
7c09d4d445c04a12b39133fbc0a9b0d1,0.0000,316900000.0000
86b4a658ee15457cae128b493cb4597e,0.0000,310990000.0000
fd0a54e18ed74b77924620cbadd87eb8,0.0000,1139860000.0000
9ec4135b765446118bc753d8f16a0272,0.0000,667857000.0000
79e7c78fa3c141c696c027ab69e6692d,0.0000,527971000.0000
eefa26f053c44f529973ee05a92360a9,0.0000,3737000000.0000
61fb23d4509a495f9293ef23f4f9c042,0.0000,3115000000.0000
78fa839a8d5448a69feb56d3cf315438,0.0000,659593000.0000
1ab1b0c597da4744b1b109a119338963,0.0000,101507000.0000
7815e03b00c846d5bd4af6acaafda84d,0.0000,477682000.0000
e1053f4ad0544218a3bbd169973ac6d1,0.0000,746235000.0000
649cf732ae334949b2da6985d436b954,0.0000,1240770000.0000
7d954c549921434c85e1b768e2229504,0.0000,3678368000.0000
535315596edb4a86b72234726c0f024b,0.0000,5139000000.0000
e8265db4ba014adaa8c0d028e6294396,0.0000,1069000000.0000
a51c541123a7495db40471881b42bd6b,0.0000,1482000000.0000
4e1bd7f1cd1c4200b2117a53b883409a,0.0000,3017000000.0000
51e74d69bbb14f02b28550baa7a5fa43,0.0000,457780000.0000
1bba1978237d4671b287c566267ed00a,0.0000,486106000.0000
81a3923b04564afeb219dc562fe4b99c,0.0000,98929000.0000
283a54b2373943c59567156e21c4b50d,0.0000,130707000.0000
5b16a1d24697477eb8ed5e91cf9c45a2,0.0000,105316000.0000
4104abd5e29e49d5a962e5b40fb023df,0.0000,119595000.0000
259cf34038b349f1a1ce55a05aa7265c,0.0000,-669000000.0000
694e41bfc6c74a9aba244847d08021a8,0.0000,-12975000000.0000
2001762eca2e4c989aa5b8201b3e3246,0.0000,-4326000000.0000
8bef031390814b02b7038dcd8f1064eb,0.0000,9532000000.0000
820ef2b9f67341128a6b7bc2e7fa2ce5,0.0000,18619000000.0000
199675ac249848a882d6b668c6a6440f,0.0000,275000000.0000
b3ffa698c07945458818f498659e08a4,0.0000,5279000000.0000
8fef6a0180c240a9b51c6e4cb9402787,0.0000,16119000000.0000
6485443abc974d5b92d3be30bdd0f353,0.0000,27048000000.0000
19536d9867304e35bc99d7fca8ac1182,0.0000,7245000000.0000
4c422429287442259ab8749dd8ae2154,0.0000,-755000000.0000
6a98df377e514d8cbe4cd80476d782cb,0.0000,8904000000.0000
b97be31e1ba649feba37d771f36d09a5,0.0000,-11037000000.0000
04f98e47c10e452db6ff9a8bc7ab098c,0.0000,4121000000.0000
dc856231d94f47feba74686945ad0ce1,0.0000,710045000.0000
6f0798c6ff6841c1b81c84652e187bdd,0.0000,-2397000000.0000
f3294e8cebef4ed5be54b2739486989e,0.0000,1008000000.0000
609d0351e916420eaac9804258230ee1,0.0000,7951000000.0000
1fdb99231c5f40b9884704de13f13e88,0.0000,6730000000.0000
6ef6c4910672411288dba9ae9e206fe9,0.0000,40358000000.0000
f426d878fd6d415694d5cbae5ba23958,0.0000,-7335000000.0000
7c40f85ee7c64993a6c880d6819feb4a,0.0000,4826000000.0000
81ba5822082f47a19c227236f2d3b5b7,0.0000,
4925a6b0e20a4492854e36446cd804a5,0.0000,
69ed4f6c86a549a1a2096954710594b3,0.0000,
ec85be8c86184a728fefc1fc1499c709,0.0000,-596000000.0000
ae8a51c90b214b01b2fcc8b693e90b27,0.0000,828585000.0000
d925146eaa70455d80c673d8eef42d09,0.0000,2183987000.0000
9cfe493364ac48288e60383172b65384,0.0000,1077093000.0000
6bf9c2cf1f9442959ba295791c1ba51f,0.0000,2929238000.0000
97d078a758c94f7abee8ffce33e19f63,0.0000,881330000.0000
d757ffca04584a29a800cd6328190ba6,0.0000,743817000.0000
685b1fdccd064ef0aad3216676ae473e,0.0000,703807000.0000
5e7e2e0d0a094773a35935c879889722,0.0000,4192000000.0000
edb2a17d909e4c339f38578acca85cf4,0.0000,147758000000.0000
a2740c47366343ed80fde5668aed7b5b,0.0000,-251839000000.0000
25d6f7c72ee94dfaad79a1af155277e3,0.0000,119724000000.0000
11a0291952a44fb697d47f646f4909c4,0.0000,40599000000.0000
c5823ebf370f4e72b41ca1558bb52636,0.0000,-1950000000.0000
f6e5a66bebba49d29d06eaa4589d058e,0.0000,-22559000000.0000
bed79c1a11fc4fd8afcbb3badcc515c0,0.0000,4073000000.0000
7766da017a05495f97ffee660d74fdde,0.0000,-1616000000.0000
c75f53ee591d4e429f9a287e31f9aeb5,0.0000,-229000000.0000
14a927850c1649e2bbc9b3db128912cd,0.0000,1044000000.0000
ffe7736aa2864d9fbaa33f285c59b99b,0.0000,13189000000.0000
fa49c3fd4b0b40bcb6eb61c73e2fcb31,0.0000,1322000000.0000
6888ee4e3b4341b8a83b0f224d3ba1f0,0.0000,1064000000.0000
5085ab188e5b4eb18560766352314973,0.0000,1109000000.0000
dc2cb1961d064a23865dab629f1b6141,0.0000,-3311000000.0000
4143a0aaeb8743e8805b850a917be591,0.0000,-2109000000.0000
ac7184e8c990496a91fe47ee28642e9f,0.0000,-73166000.0000
5fca80c7b83643169341e08e987a54fa,0.0000,-4063490000.0000
3e44199543b74281a39ee8501c683b2e,0.0000,-1234142000.0000
7152ef96f14d424ba16e5183eb4cfe1f,0.0000,1971073000.0000
d9f7872573de4dac9321fed294c3454f,0.0000,3357842000.0000
cfe3d7b535734c56b623fdb2eb41d55a,0.0000,1527433000.0000
c1ab65e19c3542519f87b37204bcc4bb,0.0000,2549726000.0000
19258346ae6145c0ae688604a628f682,0.0000,1746670000.0000
3613be5bd988415c8512d0f3d253da37,0.0000,103069000.0000
8c48ef50622c4e8fb7da56129c6a9f7a,0.0000,-13922000000.0000
273e4eae76ee41589788bc1966479d14,0.0000,-6725000000.0000
38b4f978ffb04c3ca9cb4e714fa02b42,0.0000,-5702000000.0000
3c28f217e4124bb0abeb6d5b3063aaab,0.0000,
09027c3f8c1d40ca98625f1655de6d4e,0.0000,-6327000000.0000
c75ade643d1744f398b3c88d5d1924e1,0.0000,46874000000.0000
38fcf103e66a4f0a923d57122ca7e581,0.0000,522000000.0000
4d53ae6528ef45a5a5425ccccff09ee1,0.0000,683392000.0000
63f0dbe647a948fab22eb6c607913837,0.0000,1079000000.0000
249fe59796bf430c931897f281c3cb87,0.0000,1459000000.0000
0e435056ab864bfa99a65f6e5f0d0ee5,0.0000,649000000.0000
276e9e95b1e74cefb5695b1db4d5c154,0.0000,209781000.0000
729f520950ba40068ab46b24e598ae90,0.0000,175197000.0000
f32ad0e4feee48dea3499f5c35e85f9c,0.0000,152063000.0000
0a6eb179e5a64f1a843f17800e610685,0.0000,2478000000.0000
4eb32c3f4d574cfeb2df62021d8ba853,0.0000,158000000.0000
65bc78df19c8441aa0ac7653fb7cd276,0.0000,1345000000.0000
ca9d0ad282b74a1cb688849d8a5c6ee1,0.0000,482000000.0000
fc660c7f5d394afe9f7be1c6693e7e95,0.0000,1500000000.0000
0419634099d744258270004e4f8dde40,0.0000,1472000000.0000
bee35a15d3d94b83a5f3f1add3c9b439,0.0000,1815000000.0000
7d4c86a9ca264935a00b4ea6cee5b382,0.0000,6511000000.0000
b4dce239a6fd41f48f4f72b3d13b4226,0.0000,2166000000.0000
a723d2a1e4424260996c7cbbd864c100,0.0000,2685000000.0000
06e4620237564fa59c6449e6ea56d201,0.0000,9342000000.0000
dcbb04af2b3a418c8bc484474e03b07c,0.0000,2576000000.0000
42accd969b004ba9b2fe91bc7dfaddf7,0.0000,2289000000.0000
9e3443e6d8bf474c8665e9f95f68770e,0.0000,1081000000.0000
26d87bab0bd14a0ab1329cfc03939537,0.0000,1966000000.0000
a2c79d7cd46b4edbb5e23f957d3fd1f6,0.0000,2399000000.0000
9be35e1ce7c54fdc9e401cc8990b4641,0.0000,8990000000.0000
9c44112e61384b91ba2e2a3263608313,0.0000,1537000000.0000
04245e0618304ff2b3b1c9ab44d397cd,0.0000,2381000000.0000
c350d6d2821246c28f3f6690f83c9dc8,0.0000,1483000000.0000
160091631bf14bdaad377e4238697b60,0.0000,7487000000.0000
ecb48b4785b94f5c93f37f32485bb4d5,0.0000,2086000000.0000
c78049d861f94e03876b5faa00822712,0.0000,1839000000.0000
9093556b863a40dc9ba2248b695ba02f,0.0000,1441000000.0000
3e7cfbe1c94347ea94a8d90c11585f20,0.0000,896000000.0000
8ffdaf19cfbc44dc892c0004e76d3070,0.0000,1815000000.0000
15a9393dd8a84664af14718d6b8c4d1f,0.0000,7099000000.0000
60e0c22bd18a4371a057924d6d003a98,0.0000,2004000000.0000
a6602ff734b94a7ab4eab121a0ca9159,0.0000,1634000000.0000
9d36e94ad7c84bbd8cb6256f617bd49b,0.0000,6694000000.0000
1cf0dc83adb14d289cfa9f6aa4498051,0.0000,1847000000.0000
22d4e44ef0834dc58beea94354e36993,0.0000,1886000000.0000
a963588e288844368dd151e989026b9a,0.0000,1908000000.0000
df23f7b83e5d45d299d507e91805d17f,0.0000,2482000000.0000
0e8b865a642c49eea7b7365adf753a2b,0.0000,8593000000.0000
5b35eba81a1c465895620437f3a32b11,0.0000,2317000000.0000
841bd335756b41a594e4dc754d1eae0b,0.0000,2248000000.0000
1980c64e70ae42769222c319960480f7,0.0000,2484000000.0000
9bce0af7476c482a82537e33d923c8c1,0.0000,2763000000.0000
f286c32a57e54a9592acddfb486aac9a,0.0000,9848000000.0000
30560166262b453ab5b5429c9c688e54,0.0000,2353000000.0000
c1aad6019edb43098ff9b395b512dc2e,0.0000,1674000000.0000
17ead01e50d84e58bfb82bb21fd354f1,0.0000,
3df1c244f4dd4bc8a9627b7eacb6e694,0.0000,150939000.0000
5a85aa7781194354a575e148a13d5e12,0.0000,-1524000000.0000
93b7f34cbef34cbaaf1ee30d2d2cf7ba,0.0000,-74081000000.0000
e5f46ce271a4423493b9e9fc532dde8b,0.0000,-28052000000.0000
c35258638a144075beafaf86dfd0fe17,0.0000,-4895000000.0000
d0ee23d679374b848ea5c11368602687,0.0000,-10827000000.0000
c1a53bc33642434bbb13c97ccc4a36f3,0.0000,12554000000.0000
0c7c3162c2f846d1a7dbadc046c8397d,0.0000,-80880000000.0000
888ca35e7e12426f87347795b89a60d9,0.0000,10897000000.0000
3dbcf8175144443cad0df1c22e0d3eed,0.0000,82919000000.0000
fde7daa7b5f9423a881fc0e0ecd33b82,0.0000,-14688000000.0000
80976f979993466d87babdf8c332c223,0.0000,23331000000.0000
e821740df8e6449da14f5966ab61f4e8,0.0000,-41917000000.0000
dd0413bd418747d0827cab3039a8fb00,0.0000,66018000000.0000
556a402c26444155b480c85b547923d3,0.0000,-18204000000.0000
598a5a276c254462ad1370e3af272724,0.0000,101222000000.0000
611ecc244b324cd788b2aefdef6f5864,0.0000,21884000000.0000
e6b4da4244cc401da57c8d5d5aad9efe,0.0000,35685000000.0000
bbd7c59061b04cc59c5b7224c8eefe3b,0.0000,1849000000.0000
6dcac8ad115045b99f797d9b2f4dd4c0,0.0000,16015000000.0000
288073ffa20d417d8b9653731f792a05,0.0000,82811000000.0000
20530be6a0254335879373eea2c5da4c,0.0000,-43872000000.0000
320c71f3d97249d58efa9b10797938ba,0.0000,-12989000000.0000
719c4d569b124c5f8928222e6871faab,0.0000,13530000000.0000
aa9eaa6c713148e68e3698e5189d309e,0.0000,85095000000.0000
83d2d7de91aa4fbb8db39bb597f6585d,0.0000,15614000000.0000
0c2d2d3c72ae45e9bdeb4023f2917d60,0.0000,-111241000000.0000
287d8299c13e4cf88edab91c20d2553b,0.0000,2407000000.0000
3be0b94f4f54475cb0913f3cb07d185c,0.0000,8631000000.0000
54ae7ca8aa364e7a909ddce9030801ca,0.0000,910700000.0000
20b1833bccca4d30b97246c9a5d1a056,0.0000,4092000000.0000
740fe84131c441199f0473f9d5456ad9,0.0000,-79910000000.0000
95d509f0ed714d3f88278f3aa858349a,0.0000,-120089000000.0000
edf22fb7ed2e4359a35fd62f28764faf,0.0000,78084000000.0000
3dbc723df68e48abbb650c33e2509d09,0.0000,107119000000.0000
b1bc646f85134ed0a652ed21ef260d19,0.0000,45119000000.0000
6b1dc73a20e14ea0b738c61759ab9409,0.0000,12974000000.0000
65cd8299015a4f8f8fba4b6875f5be0c,0.0000,-42012000000.0000
675b8f0ab7fb4172b98729fd2dc9eb60,0.0000,29547000000.0000
7c31c71f0c54458383943efd4413b917,0.0000,-147782000000.0000
a63daa253d8b4bd5993a4c38851ecfdd,0.0000,-211761000000.0000
ad12298a290540b6abbdeb1549792a1a,0.0000,2376000000.0000
ccacea1fd2fd4948a889f074cb3c91af,0.0000,-990000000.0000
0b0231a48c05412e9e188f64b4a9dc32,0.0000,5739000000.0000
250e695c2f194de693488b83e4acd79c,0.0000,141160000.0000
ed5a24bd02294921b39c5b52fa653509,0.0000,2582000000.0000
07ff633777e64aad88f9e6822765bba8,0.0000,3115000000.0000
30090b375d084cfeaef67b7435446978,0.0000,1330000000.0000
36b0d4eaa8eb4227baddd33e47e07a35,0.0000,1471000000.0000
a3a0c2c560814b06a386424f24dfc86a,0.0000,4635000000.0000
c75f8a340f8d4adeafc64b901b8b0690,0.0000,1371000000.0000
3a1ff1d7259549e59e34415da4f1f6fe,0.0000,-745000000.0000
d2f4389b66d44dae8d1196fa629b0568,0.0000,808000000.0000
d517d5da956d429dbd8346dec10c709d,0.0000,1083700000.0000
006d534e8dfe4b389f0e2aa7672661c8,0.0000,1730600000.0000
6ce43175b0f641f48d979d532e4c8e6b,0.0000,150693000.0000
cc14db9ec00244e7b3a3e323478fdd39,0.0000,2258100000.0000
6f85cc781e584f9594a4196700ce66cf,0.0000,2590600000.0000
536f67320582487bb5ff445b44d2b652,0.0000,1676000000.0000
497179be149b4c3cb36e829c0b1723b1,0.0000,-363237000.0000
af4e38fcf4bf44d4bcdd011d2d40568f,0.0000,308000000.0000
4e589d69c1554d6b801abb2aefa8d63f,0.0000,-741118000.0000
1cc830ea6b564c778b6019e68fbca438,0.0000,1119000000.0000
df03b38719b445f4aa66bddf9af2e450,0.0000,1551000000.0000
cb5bb3f7500e4ec19e7195ff591a2202,0.0000,-483688000.0000
0dbdddbde3694c0d8aa6bc0d7eed3ffe,0.0000,
4d85748b55f841ba95abad156c34a38d,0.0000,
b321d4760d4d4c9e8828b3a8b208167a,0.0000,934000000.0000
e2fdb8f226994a798b28becaa30928ad,0.0000,1775000000.0000
f5fa8fe0a992447f9ebdd63cb4be8e6d,0.0000,-774708000.0000
539c7b00429f489f9bd12767921bb00c,0.0000,-2596045000.0000
18e569ce8c7e46af8c50d1e58d602411,0.0000,15294000000.0000
0f8120967b8a4808b0d21ab29dae2a55,0.0000,224150000.0000
ae82091e0d464e34881b8ebaf84ad401,0.0000,-792348000.0000
9cbbac3ab05143d698f8cbaea3ce1c74,0.0000,24593000.0000
dc8a67760468481a8f3c9d66e10a432a,0.0000,-734112000.0000
10405c46925e4981aa92ca92abe459f0,0.0000,-444000000.0000
18ff6cbdb1514cf48134c84f69200442,0.0000,841319000.0000
1e46e34fa60c437ab3f11bbf6c975360,0.0000,-233261000.0000
738f1e6f9f4a4c9ca8a6b8eda8ec8137,0.0000,2791154000.0000
990b799e63034aa4ab62d0d2d0d76b4b,0.0000,1340743000.0000
5d8ed547a1524f69a800e9bfd5dc89c8,0.0000,3266959000.0000
57fb5a65b4984c9287d261c3368c6c89,0.0000,406515000.0000
dd6d8ec7b37e41f2a9761113f3ba9ead,0.0000,1406000000.0000
af5d64e68f7845468c9b0c699b1b94f9,0.0000,848000000.0000
0122d1ba35f242199de49e3301243ebb,0.0000,906000000.0000
6ae9ea268f8a4bcd89c151dc09522b99,0.0000,1071000000.0000
141d5d1c047c41e49c12238b18ca8cf8,0.0000,1724000000.0000
3d105f0be02f48ca86f2a99de8a32449,0.0000,1480000000.0000
f1536ec438e04f0b89cfd08e8f49bebc,0.0000,1724000000.0000
50652bed8bbc468bae49c7e5bf2c2185,0.0000,2902000000.0000
22d6baf08bab4b78b7198fa953465046,0.0000,8575000000.0000
5b9c15b8dd914e66aa396b525b7ab260,0.0000,2469000000.0000
07edf6e4a179441a8c21948f8be06383,0.0000,2336000000.0000
8d0c069db22b4e298191221beac887f2,0.0000,1915000000.0000
abd64aa017be4e4187d8a82f540b2b24,0.0000,1396000000.0000
de78404c4015420a9346ca90813bd0b8,0.0000,1817000000.0000
f0fc8db281a043fcbaaa7f0c3b020daf,0.0000,2200000000.0000
df9466036a2845d6b2c640f53835b50b,0.0000,2560000000.0000
bdc86a27d1e049729f0ba6e2dc3d7ca6,0.0000,2637000000.0000
606bbf88097e48b98c1ceb6f507edd20,0.0000,2183000000.0000
5ccd85e81b00454891589de0142e2f65,0.0000,9851000000.0000
3b63a687941c470c9731e7efb5de500e,0.0000,2454000000.0000
7bfe8272a6eb433c80cff45e06d37be6,0.0000,
b3c149490b41495fbdf419055683e851,0.0000,
78b66099fd8146fd85b925445ed36d2d,0.0000,
18e1fc0afcb541daa0265bcafb67e37d,0.0000,
08824919c63f48c898a60a7f2f40b8c9,0.0000,305403000.0000
40aab58c90694f249f65c66e0de6d847,0.0000,332428000.0000
9a22f9afdddd4501b4aeeceac9c1217d,0.0000,258371000.0000
7fe55364d99f4bbfbc1da0e0bd52400b,0.0000,142982000.0000
42771014d09249c08734373b6bd01117,0.0000,159707000.0000
b97041b7a38543c6875948ab2f9b0adf,0.0000,193782000.0000
d8eb9573c6c4446eb40f98b44ce4e0c2,0.0000,164345000.0000
c6578251b3e64f3895138f7e9dce425f,0.0000,916818000.0000
cf3e18333dd140eb9802d8c86b0c8a00,0.0000,-1485052000.0000
ab7df17c0f724aaebc633a17397e7219,0.0000,-5279259000.0000
b5059ea303104ec79cd253c58d78be9f,0.0000,-1493812000.0000
3069845f0d26435fb5fa48b52f2996f0,0.0000,477760000.0000
d1ed83d63522404388171afa2607b5b0,0.0000,1876258000.0000
944c5edb97d54a51b32e7bd0de244a87,0.0000,-2251191000.0000
882a630a8df04bc0b8a33ea2d638f4c2,0.0000,89000000.0000
cbe8da7720d3420cafc007f366893891,0.0000,-7176708000.0000
d13e9e1bd2d9440b8bc88537e2668ef9,0.0000,-1932888000.0000
20f2367ecd8f486fbe207421df13729c,0.0000,-188000000.0000
c87c36b8e7604b03b1a828a1674f89ad,0.0000,438756000.0000
912f6395808b4b188c1043f365f92f3a,0.0000,3965000000.0000
8e4709108b9b4ae582d19fd8569cbe27,0.0000,3770000000.0000
506d90765a4542cb8061054a11d30628,0.0000,6649878000.0000
84dc2dd976754085862d4c73996a9082,0.0000,3534000000.0000
c22a94381625495aabad4aeec813b0a9,0.0000,118000000.0000
05409626c2304743928c399eeaa429ff,0.0000,3730000000.0000
fe0b79a1b69d4b29a45287e11dd6a68d,0.0000,-130000000.0000
66ca6c01b6e540958700470c2a779805,0.0000,991000000.0000
ca3736aa1d3841f092c8872a2a90746d,0.0000,-224000000.0000
05c13da6fe9a439f870396b7e0a09128,0.0000,-190507000.0000
fd911b7dbfcb4967ad00e208466c9b58,0.0000,807618000.0000
304efdf49b084f039c08404abe9b8e66,0.0000,-752294000.0000
219d57cb5d594d9ca6cefaab60f89a35,0.0000,-2639121000.0000
831b49e6ebaf445b840947a5324ff73f,0.0000,2389609000.0000
a2d383b5b1bf414e96f24c5d4b85c69c,0.0000,297000000.0000
61bef809033841469a8bf3a8d4f01dfe,0.0000,354000000.0000
7d96164e81454d48bf2b7311e4df5816,0.0000,364000000.0000
35fee70a825d4856823691e76b7a6dd1,0.0000,1550000000.0000
0de6afc74caa486f9ce7637c886d8ecc,0.0000,1469000000.0000
8fc7b6791f2e4747a767a4b9821c4d24,0.0000,389500000.0000
8bb90a55fca84087b862d46fb8662a6d,0.0000,944000000.0000
c72a8ccd895a408b843c356f270679cf,0.0000,992800000.0000
6493ed0f233348448663f991c34e3125,0.0000,584200000.0000
afd669e47c1146f6a756340b6c93893d,0.0000,1743700000.0000
0e52dc199e9b429e920d6d9752230905,0.0000,3172900000.0000
ff9df89aee0f4d8a8d1b7aaa6e991aaf,0.0000,1163200000.0000
38454c7c541a4176a41d233a103f0dae,0.0000,1171000000.0000
7f1b427833ee431d9b79cb56b5f99cdb,0.0000,801700000.0000
0f491c2636f049348fb745efc656921e,0.0000,522900000.0000
f724385536444f339f9e163d1f0dde9a,0.0000,891700000.0000
6e52ce5c1a0b43f481a61b5738dabec3,0.0000,5156500000.0000
e7c7dca9ccee479f969f1c41200598b9,0.0000,1502000000.0000
87282344843a4edc90c0dbdc74895163,0.0000,1786400000.0000
401a6c6a8fd2486ab500854e7945941b,0.0000,5493200000.0000
c21c65d1b78e4d4d9c50b4d1750a1790,0.0000,1064300000.0000
71ea3c925fe545a6867286b80c2d3aa1,0.0000,3709300000.0000
be9b9caef1114e17a129a952f74a456e,0.0000,3254400000.0000
660a034a45634c189301b48a8f4ea3bb,0.0000,1102500000.0000
896182f12dcf412b861eb77b0430d6e4,0.0000,811900000.0000
ad6d0463e1c74489b921905b95c43d6c,0.0000,17277000000.0000
420def9a55814584b4f7f5efe8bd4578,0.0000,454000000.0000
9181206cc47e4e11a6a311ff21386835,0.0000,369996000.0000
c5402253c3ac43daa5c6c3e8e2836bfd,0.0000,-560052000.0000
dabbab6dd9914ce8aad233e627f98c54,0.0000,9864000000.0000
590272112b9b451ebea9b5612f3cc4d9,0.0000,-9440000000.0000
ea8a008c7dda4f1caa7607752709ebeb,0.0000,2685000000.0000
bdf3f32edc9a417f9fb08902cf4e69cb,0.0000,864000000.0000
baafca02c09145df851e59b30d10b066,0.0000,1630000000.0000
e34016770c1f412abb33dc1c9d4e8665,0.0000,11258000000.0000
96bf954935f24d0f9348a668a5aac6f4,0.0000,2658000000.0000
e704173648b24ae5aa7b19cbb4823fd5,0.0000,16182000000.0000
b261da2e55ee4a3fb1e3a5254e31c274,0.0000,4565000000.0000
76d73922b2ba4eb5aaade13fc5dd9664,0.0000,12816000000.0000
fbc83c7634d545688ccb2ba6b652bbfc,0.0000,152358000.0000
27283c70f8b547d780afe2796772f0fb,0.0000,120365000.0000
fd74baccf1a3485588d3ba1c76813cd6,0.0000,2650000000.0000
e2f4848ca08241bf9330071685c9fca7,0.0000,1901000000.0000
321942eb9f05492887ac89098986c6a4,0.0000,4502000000.0000
792c5c1ea7514b2787d2edea20d17831,0.0000,-438121000.0000
07c28c6cb2694dfe9849bc00b202c4ec,0.0000,-425659000.0000
2ce61563aa3947f98467e2853e51d09d,0.0000,1028400000.0000
ee9e30e611ee402d909ad9e7d091940a,0.0000,948000000.0000
ad26f5715132411289f5fa9ced2e600c,0.0000,336000000.0000
761de622bbcd402eae3d9192317e7ecf,0.0000,1412000000.0000
3a2678153efb4ac09c3030b097dfeeb3,0.0000,1340000000.0000
f8f82c15438f4b9cb68f469a9cef9258,0.0000,2104000000.0000
96341fa0d6b64551927a8e023779d358,0.0000,3494000000.0000
036658f256b0462dbbe6a6a0e3c8474f,0.0000,728835000.0000
e2c492a36c5941a29f5fc0cc25ed5797,0.0000,259532000.0000
84994ecac3a0495ab8108622f46b841c,0.0000,1511709000.0000
bb48386b334740ec807b19b3da2ec7be,0.0000,19606000000.0000
381fc39f8f8640e096e3bd19120b22d7,0.0000,40354000000.0000
de8c70359e644d29b7eb518d6b60851c,0.0000,30998000000.0000
a93599c0ccc141398c2987bd3f8a30a5,0.0000,61777000000.0000
f12db9df48e244a4a71a51f20f8a8ed2,0.0000,59103000000.0000
c73f30dc4732419287cc9a1ea853a0d0,0.0000,19043000000.0000
63a97f098cb24793b151418e5ec154fb,0.0000,-32638000000.0000
50470eeaa11545f28502e3ed4d3c1406,0.0000,848709000.0000
d82c80618fd54e42ab67a592215d85ce,0.0000,158582000.0000
5b1b43688143493f8364cbd233b78bc9,0.0000,221978000.0000
99d48f93a4fc4b0184e2259d414c3759,0.0000,248041000.0000
e321be50faa44565ad6cdaaf92cd297c,0.0000,846073000.0000
759a749f23284a67be74af910b1a477c,0.0000,1590000000.0000
1965aa5988d442609a7b0d3c83e1828d,0.0000,1767000000.0000
a52070b550e3475dae9d829ff2d637bb,0.0000,3458000000.0000
4a7d6b19655b40d1b98c0e121758b10e,0.0000,487000000.0000
b1b85f864e5a476f953775f511268bf4,0.0000,1092000000.0000
808a10b05f3348fd965c478fa6506d5c,0.0000,645000000.0000
6b6c55660f794f21a5dad4839e556467,0.0000,401000000.0000
a8c5ef3b2810459aa6320dee9eac12d0,0.0000,286000000.0000
30d7011563f74fee92cf0f5c3ee6b855,0.0000,-745436000.0000
154c2089399948f3868280e1e087b777,0.0000,-254761000.0000
016cfde0ffb04460a34ee8e9222772a7,0.0000,121605000.0000
e1d6c466fe8647cd882e4f4f400c2270,0.0000,-4900331000.0000
4921de28d5fa4c409cdc59cf565e18ba,0.0000,1176000000.0000
abe744ecf24147d0b74c4f33053ff1c2,0.0000,615700000.0000
83ebc937554441c29a1f7a39db908cb8,0.0000,1130500000.0000
6406f7b98a2747d8856462e900a746f1,0.0000,707572000.0000
ce503419f5274d16bcfd138a542ce524,0.0000,432172000.0000
1e2b1190642645f2a449c80c6fa63e47,0.0000,212398000.0000
112c956416ff4c73a5cdcd1c2c5b03e5,0.0000,163301000.0000
7685f5f6a0954ab2a75ad4096e2670ff,0.0000,-327925000.0000
fdbd239e4c4144f1b8c1e09db1aef682,0.0000,-699052000.0000
70933ace67fd449d88cde80bd95e8168,0.0000,318271000.0000
865b9dba5de74dbfbeb7fbd8b12c1528,0.0000,1994203000.0000
e93c79f80a22467f9c420caa62a8e72e,0.0000,415701000.0000
20f601181c4f408388c8621ba47ddcce,0.0000,-255100000.0000
9b8563e9849b441ab12f4e1c5936e319,0.0000,-27600000.0000
9e413cb663634ef2a5d663ddb5881fe5,0.0000,581200000.0000
6ceaa00ddf444bfd8a3ff87d80cb6147,0.0000,234010000.0000
30ef1b2e86c94d0f9002e743d476c882,0.0000,379173000.0000
c27fccc1d9714c74a572fc8360596823,0.0000,4079000000.0000
