id,ticker,periodType,periodEnd,revenue,revenueSegments,revenueSegmentsByAxis
2d2c30d759874975a2abb0cde8a8c3f5,HBAN,QUARTERLY,2024-09-30,2555000000.0000,"{""Commercial Banking"": 81000000.0, ""Consumer & Regional Banking"": 283000000.0}","{""product"": {""Leasing revenue"": 10000000.0, ""Insurance income"": 17000000.0, ""Other noninterest income"": 4000000.0, ""Customer deposit and loan fees"": 58000000.0, ""Capital markets and advisory fees"": 37000000.0, ""Wealth and asset management revenue"": 93000000.0, ""Payments and cash management revenue"": 143000000.0}, ""segment"": {""Commercial Banking"": 81000000.0, ""Consumer & Regional Banking"": 283000000.0}}"
d8d0c4ca56bd47e092fcfb900d79054a,NTRS,QUARTERLY,2024-06-30,2715500000.0000,"{""ASSET SERVICING"": 650600000.0, ""WEALTH MANAGEMENT"": 515500000.0}","{""segment"": {""ASSET SERVICING"": 650600000.0, ""WEALTH MANAGEMENT"": 515500000.0}}"
f2d9981e511b418f8b11f37ebc387d92,MET,QUARTERLY,2020-09-30,16015000000.0000,"{""Prepaid legal plans"": 100000000.0, ""Fee-based investment management"": 82000000.0, ""Administrative services-only contracts"": 54000000.0, ""Vision fee for service arrangements (1)"": 0.0, ""Recordkeeping and administrative services (2)"": 50000000.0, ""Other revenue from service contracts from customers"": 45000000.0}","{""product"": {""Prepaid legal plans"": 100000000.0, ""Fee-based investment management"": 82000000.0, ""Administrative services-only contracts"": 54000000.0, ""Vision fee for service arrangements (1)"": 0.0, ""Recordkeeping and administrative services (2)"": 50000000.0, ""Other revenue from service contracts from customers"": 45000000.0}}"
c39b149ee3a649a8890db18ff85e6c84,IBKR,QUARTERLY,2021-06-30,754000000.0000,"{""Others"": 10000000.0, ""Commissions"": 307000000.0, ""Market Data Fees"": 20000000.0, ""Risk Exposure Fees"": 7000000.0, ""Minimum Activity Fees"": 9000000.0, ""Payments For Order Flow"": 9000000.0}","{""product"": {""Others"": 10000000.0, ""Commissions"": 307000000.0, ""Market Data Fees"": 20000000.0, ""Risk Exposure Fees"": 7000000.0, ""Minimum Activity Fees"": 9000000.0, ""Payments For Order Flow"": 9000000.0}, ""geography"": {""International"": 189000000.0, ""United States"": 565000000.0}}"
cb512e2c39e1466fb22e506dc00287d5,IBKR,QUARTERLY,2024-06-30,1230000000.0000,"{""Others"": 9000000.0, ""Commissions"": 406000000.0, ""FDIC Sweep Fees"": 7000000.0, ""Market Data Fees"": 18000000.0, ""Risk Exposure Fees"": 24000000.0, ""Payments For Order Flow"": 10000000.0}","{""product"": {""Others"": 9000000.0, ""Commissions"": 406000000.0, ""FDIC Sweep Fees"": 7000000.0, ""Market Data Fees"": 18000000.0, ""Risk Exposure Fees"": 24000000.0, ""Payments For Order Flow"": 10000000.0}, ""geography"": {""International"": 394000000.0, ""United States"": 836000000.0}}"
f8c461847e554770a3ca835f99a4da2a,IBKR,QUARTERLY,2025-09-30,1655000000.0000,"{""Others"": 10000000.0, ""Commissions"": 537000000.0, ""FDIC Sweep Fees"": 10000000.0, ""Market Data Fees"": 20000000.0, ""Risk Exposure Fees"": 14000000.0, ""Payments For Order Flow"": 12000000.0}","{""product"": {""Others"": 10000000.0, ""Commissions"": 537000000.0, ""FDIC Sweep Fees"": 10000000.0, ""Market Data Fees"": 20000000.0, ""Risk Exposure Fees"": 14000000.0, ""Payments For Order Flow"": 12000000.0}, ""geography"": {""International"": 469000000.0, ""United States"": 1186000000.0}}"
3532c4845fa34662bb097f7bc0f0d25a,MET,QUARTERLY,2019-03-31,16302000000.0000,"{""Prepaid legal plans"": 86000000.0, ""Fee-based investment management"": 77000000.0, ""Administrative services-only contracts"": 53000000.0, ""Recordkeeping and administrative services"": 50000000.0, ""Other revenue from service contracts from customers"": 71000000.0}","{""product"": {""Prepaid legal plans"": 86000000.0, ""Fee-based investment management"": 77000000.0, ""Administrative services-only contracts"": 53000000.0, ""Recordkeeping and administrative services"": 50000000.0, ""Other revenue from service contracts from customers"": 71000000.0}}"
aa053b9280444fe48b306f830ee3b49b,DTE,QUARTERLY,2018-06-30,3159000000.0000,"{""Gas"": 255000000.0, ""Electric"": 1276000000.0}","{""segment"": {""Gas"": 255000000.0, ""Electric"": 1276000000.0}}"
1426cf04658042029e543e42d98fae45,DTE,ANNUAL,2021-12-31,14964000000.0000,"{""Gas"": 1553000000.0, ""Electric"": 5809000000.0, ""DTE Vantage"": 0.0, ""Energy Trading"": 0.0, ""Corporate and Other"": 0.0}","{""segment"": {""Gas"": 1553000000.0, ""Electric"": 5809000000.0, ""DTE Vantage"": 0.0, ""Energy Trading"": 0.0, ""Corporate and Other"": 0.0}}"
89c77de1b2cd4473b991eab233c36d60,PRU,QUARTERLY,2018-06-30,14655000000.0000,"{""Other fees"": 149000000.0, ""Asset-based management fees"": 855000000.0, ""Performance-based incentive fees"": 6000000.0}","{""product"": {""Other fees"": 149000000.0, ""Asset-based management fees"": 855000000.0, ""Performance-based incentive fees"": 6000000.0}}"
dfacf6fd90fb47929de9ed619e619808,PRU,QUARTERLY,2018-09-30,16148000000.0000,"{""Other fees"": 151000000.0, ""Asset-based management fees"": 876000000.0, ""Performance-based incentive fees"": 10000000.0}","{""product"": {""Other fees"": 151000000.0, ""Asset-based management fees"": 876000000.0, ""Performance-based incentive fees"": 10000000.0}}"
a2453eca23304319a2c5529cd416ebb3,HBAN,QUARTERLY,2025-09-30,2600000000.0000,"{""Commercial Banking"": 96000000.0, ""Consumer & Regional Banking"": 330000000.0}","{""product"": {""Leasing revenue"": 2000000.0, ""Insurance income"": 20000000.0, ""Other noninterest income"": 25000000.0, ""Customer deposit and loan fees"": 66000000.0, ""Capital markets and advisory fees"": 46000000.0, ""Wealth and asset management revenue"": 104000000.0, ""Payments and cash management revenue"": 161000000.0}, ""segment"": {""Commercial Banking"": 96000000.0, ""Consumer & Regional Banking"": 330000000.0}}"
574b438660a64221866f0be9126a30c2,IBKR,QUARTERLY,2023-06-30,1000000000.0000,"{""Others"": 8000000.0, ""Commissions"": 322000000.0, ""FDIC Sweep Fees"": 4000000.0, ""Market Data Fees"": 18000000.0, ""Risk Exposure Fees"": 10000000.0, ""Payments For Order Flow"": 7000000.0}","{""product"": {""Others"": 8000000.0, ""Commissions"": 322000000.0, ""FDIC Sweep Fees"": 4000000.0, ""Market Data Fees"": 18000000.0, ""Risk Exposure Fees"": 10000000.0, ""Payments For Order Flow"": 7000000.0}, ""geography"": {""International"": 296000000.0, ""United States"": 704000000.0}}"
180f24e59b1a47aaa1df0f592492fcd8,IBKR,ANNUAL,2023-12-31,4340000000.0000,"{""Others"": 31000000.0, ""Commissions"": 1360000000.0, ""FDIC Sweep Fees"": 19000000.0, ""Market Data Fees"": 70000000.0, ""Risk Exposure Fees"": 46000000.0, ""Payments For Order Flow"": 31000000.0}","{""product"": {""Others"": 31000000.0, ""Commissions"": 1360000000.0, ""FDIC Sweep Fees"": 19000000.0, ""Market Data Fees"": 70000000.0, ""Risk Exposure Fees"": 46000000.0, ""Payments For Order Flow"": 31000000.0}, ""geography"": {""International"": 1312000000.0, ""United States"": 3028000000.0}}"
60904dfe44514f009b3ead7a7d50cfda,IBKR,QUARTERLY,2025-06-30,1480000000.0000,"{""Others"": 7000000.0, ""Commissions"": 516000000.0, ""FDIC Sweep Fees"": 9000000.0, ""Market Data Fees"": 20000000.0, ""Risk Exposure Fees"": 17000000.0, ""Payments For Order Flow"": 9000000.0}","{""product"": {""Others"": 7000000.0, ""Commissions"": 516000000.0, ""FDIC Sweep Fees"": 9000000.0, ""Market Data Fees"": 20000000.0, ""Risk Exposure Fees"": 17000000.0, ""Payments For Order Flow"": 9000000.0}, ""geography"": {""International"": 474000000.0, ""United States"": 1006000000.0}}"
a647714ec7f247d0a41fcf9d760f1f02,IBKR,ANNUAL,2025-12-31,6205000000.0000,"{""Others"": 44000000.0, ""Commissions"": 2149000000.0, ""FDIC Sweep Fees"": 37000000.0, ""Market Data Fees"": 79000000.0, ""Risk Exposure Fees"": 80000000.0, ""Payments For Order Flow"": 51000000.0}","{""product"": {""Others"": 44000000.0, ""Commissions"": 2149000000.0, ""FDIC Sweep Fees"": 37000000.0, ""Market Data Fees"": 79000000.0, ""Risk Exposure Fees"": 80000000.0, ""Payments For Order Flow"": 51000000.0}, ""geography"": {""International"": 1881000000.0, ""United States"": 4324000000.0}}"
65d4be8674ac4ea196b8b86538376b73,MET,QUARTERLY,2023-06-30,16623000000.0000,"{""Prepaid legal plans"": 130000000.0, ""Fee-based investment management"": 103000000.0, ""Vision fee for service arrangements"": 143000000.0, ""Administrative services-only contracts"": 64000000.0, ""Recordkeeping and administrative services (1)"": 38000000.0, ""Other revenue from service contracts from customers"": 68000000.0}","{""product"": {""Prepaid legal plans"": 130000000.0, ""Fee-based investment management"": 103000000.0, ""Vision fee for service arrangements"": 143000000.0, ""Administrative services-only contracts"": 64000000.0, ""Recordkeeping and administrative services (1)"": 38000000.0, ""Other revenue from service contracts from customers"": 68000000.0}}"
988765463cd149549e766a303419425f,MET,ANNUAL,2020-12-31,67842000000.0000,"{""Prepaid legal plans"": 395000000.0, ""Fee-based investment management"": 318000000.0, ""Administrative services-only contracts"": 218000000.0, ""Vision fee for service arrangements (1)"": 0.0, ""Recordkeeping and administrative services (2)"": 196000000.0, ""Other revenue from service contracts from customers"": 227000000.0}","{""product"": {""Prepaid legal plans"": 395000000.0, ""Fee-based investment management"": 318000000.0, ""Administrative services-only contracts"": 218000000.0, ""Vision fee for service arrangements (1)"": 0.0, ""Recordkeeping and administrative services (2)"": 196000000.0, ""Other revenue from service contracts from customers"": 227000000.0}}"
5108fecdb07d4e47a365171e9c172521,MET,QUARTERLY,2022-09-30,22283000000.0000,"{""Prepaid legal plans"": 118000000.0, ""Fee-based investment management"": 97000000.0, ""Vision fee for service arrangements"": 135000000.0, ""Administrative services-only contracts"": 59000000.0, ""Recordkeeping and administrative services (1)"": 40000000.0, ""Other revenue from service contracts from customers"": 62000000.0}","{""product"": {""Prepaid legal plans"": 118000000.0, ""Fee-based investment management"": 97000000.0, ""Vision fee for service arrangements"": 135000000.0, ""Administrative services-only contracts"": 59000000.0, ""Recordkeeping and administrative services (1)"": 40000000.0, ""Other revenue from service contracts from customers"": 62000000.0}}"
4324274ac3f04aecabbb011194daf973,MET,ANNUAL,2022-12-31,68770000000.0000,"{""ASO contracts"": 238000000.0, ""Prepaid legal plans"": 471000000.0, ""Fee-based investment management"": 396000000.0, ""Vision fee for service arrangements"": 566000000.0, ""Recordkeeping and administrative services (1)"": 168000000.0, ""Other revenue from service contracts from customers"": 271000000.0}","{""product"": {""ASO contracts"": 238000000.0, ""Prepaid legal plans"": 471000000.0, ""Fee-based investment management"": 396000000.0, ""Vision fee for service arrangements"": 566000000.0, ""Recordkeeping and administrative services (1)"": 168000000.0, ""Other revenue from service contracts from customers"": 271000000.0}}"
dc7e702081f24fec96ee04618b9fb649,MET,QUARTERLY,2018-06-30,21185000000.0000,"{""Prepaid legal plans"": 73000000.0, ""Fee-based investment management"": 74000000.0, ""Administrative services-only contracts"": 53000000.0, ""Recordkeeping and administrative services"": 56000000.0, ""Other revenue from service contracts from customers"": 72000000.0}","{""product"": {""Prepaid legal plans"": 73000000.0, ""Fee-based investment management"": 74000000.0, ""Administrative services-only contracts"": 53000000.0, ""Recordkeeping and administrative services"": 56000000.0, ""Other revenue from service contracts from customers"": 72000000.0}, ""segment"": {""Asia"": 2905000000.0, ""EMEA"": 746000000.0, ""U.S."": 13486000000.0, ""Latin America"": 1299000000.0, ""MetLife Holdings"": 2655000000.0, ""Corporate & Other"": 125000000.0}}"
2b60d616961c4cbd85f60ad9925e712d,MET,ANNUAL,2018-12-31,67941000000.0000,"{""Prepaid legal plans"": 296000000.0, ""Fee-based investment management"": 293000000.0, ""Administrative services-only contracts"": 205000000.0, ""Recordkeeping and administrative services"": 221000000.0, ""Other revenue from service contracts from customers"": 241000000.0}","{""product"": {""Prepaid legal plans"": 296000000.0, ""Fee-based investment management"": 293000000.0, ""Administrative services-only contracts"": 205000000.0, ""Recordkeeping and administrative services"": 221000000.0, ""Other revenue from service contracts from customers"": 241000000.0}, ""segment"": {""Asia"": 11764000000.0, ""EMEA"": 2921000000.0, ""U.S."": 37037000000.0, ""Latin America"": 5084000000.0, ""MetLife Holdings"": 10726000000.0, ""Corporate & Other"": 629000000.0}}"
60d331af92d2412bae49771d870f6d7a,HWM,QUARTERLY,2019-06-30,3691000000.0000,"{""Forged Wheels"": 257000000.0, ""Engine Products"": 835000000.0, ""Fastening Systems"": 399000000.0, ""Engineered Structures"": 331000000.0}","{""product"": {""Aerospace"": 1283000000.0, ""Industrial and Other"": 215000000.0, ""Commercial Transportation"": 324000000.0}, ""segment"": {""Forged Wheels"": 257000000.0, ""Engine Products"": 835000000.0, ""Fastening Systems"": 399000000.0, ""Engineered Structures"": 331000000.0}}"
a67076d27b274073b53dd1ffdae0af3e,IBKR,ANNUAL,2024-12-31,5185000000.0000,"{""Others"": 36000000.0, ""Commissions"": 1697000000.0, ""FDIC Sweep Fees"": 28000000.0, ""Market Data Fees"": 71000000.0, ""Risk Exposure Fees"": 100000000.0, ""Payments For Order Flow"": 45000000.0}","{""product"": {""Others"": 36000000.0, ""Commissions"": 1697000000.0, ""FDIC Sweep Fees"": 28000000.0, ""Market Data Fees"": 71000000.0, ""Risk Exposure Fees"": 100000000.0, ""Payments For Order Flow"": 45000000.0}, ""geography"": {""International"": 1596000000.0, ""United States"": 3589000000.0}}"
7b16797b77304a50ad296a075c767cb7,IBKR,QUARTERLY,2024-03-31,1203000000.0000,"{""Others"": 7000000.0, ""Commissions"": 379000000.0, ""FDIC Sweep Fees"": 6000000.0, ""Market Data Fees"": 17000000.0, ""Risk Exposure Fees"": 19000000.0, ""Payments For Order Flow"": 10000000.0}","{""product"": {""Others"": 7000000.0, ""Commissions"": 379000000.0, ""FDIC Sweep Fees"": 6000000.0, ""Market Data Fees"": 17000000.0, ""Risk Exposure Fees"": 19000000.0, ""Payments For Order Flow"": 10000000.0}, ""geography"": {""International"": 375000000.0, ""United States"": 828000000.0}}"
b67fa5405671404ba52a5729b466a60e,MET,ANNUAL,2024-12-31,70986000000.0000,"{""ASO contracts"": 273000000.0, ""Prepaid legal plans"": 572000000.0, ""Vision fee for service arrangements"": 536000000.0, ""Recordkeeping and administrative services (2)"": 151000000.0, ""Institutional Client asset management fees (1)"": 301000000.0, ""Other revenue from service contracts from customers"": 412000000.0}","{""product"": {""ASO contracts"": 273000000.0, ""Prepaid legal plans"": 572000000.0, ""Vision fee for service arrangements"": 536000000.0, ""Recordkeeping and administrative services (2)"": 151000000.0, ""Institutional Client asset management fees (1)"": 301000000.0, ""Other revenue from service contracts from customers"": 412000000.0}, ""segment"": {""RIS"": 17076000000.0, ""Asia"": 11415000000.0, ""EMEA"": 2770000000.0, ""Latin America"": 7586000000.0, ""Group Benefits"": 26122000000.0, ""MetLife Holdings"": 7257000000.0}}"
af28b8e5e7084092bafd1d6030d6a7ee,IBKR,QUARTERLY,2025-03-31,1427000000.0000,"{""Others"": 10000000.0, ""Commissions"": 514000000.0, ""FDIC Sweep Fees"": 8000000.0, ""Market Data Fees"": 19000000.0, ""Risk Exposure Fees"": 28000000.0, ""Payments For Order Flow"": 13000000.0}","{""product"": {""Others"": 10000000.0, ""Commissions"": 514000000.0, ""FDIC Sweep Fees"": 8000000.0, ""Market Data Fees"": 19000000.0, ""Risk Exposure Fees"": 28000000.0, ""Payments For Order Flow"": 13000000.0}, ""geography"": {""International"": 437000000.0, ""United States"": 990000000.0}}"
46286522e8d64d3084a94de1ec2c7172,IBKR,ANNUAL,2019-12-31,1937000000.0000,"{""Others"": 32000000.0, ""Commissions"": 706000000.0, ""Market Data Fees"": 45000000.0, ""Risk Exposure Fees"": 16000000.0, ""Minimum Activity Fees"": 27000000.0, ""Payments For Order Flow"": 21000000.0}","{""product"": {""Others"": 32000000.0, ""Commissions"": 706000000.0, ""Market Data Fees"": 45000000.0, ""Risk Exposure Fees"": 16000000.0, ""Minimum Activity Fees"": 27000000.0, ""Payments For Order Flow"": 21000000.0}, ""geography"": {""International"": 413000000.0, ""United States"": 1524000000.0}}"
2622a092756a441a8cf7db149a240e67,IBKR,QUARTERLY,2026-03-31,1669000000.0000,"{""Others"": 14000000.0, ""Commissions"": 613000000.0, ""FDIC Sweep Fees"": 10000000.0, ""Market Data Fees"": 21000000.0, ""Risk Exposure Fees"": 26000000.0, ""Payments For Order Flow"": 15000000.0}","{""product"": {""Others"": 14000000.0, ""Commissions"": 613000000.0, ""FDIC Sweep Fees"": 10000000.0, ""Market Data Fees"": 21000000.0, ""Risk Exposure Fees"": 26000000.0, ""Payments For Order Flow"": 15000000.0}, ""geography"": {""International"": 528000000.0, ""United States"": 1141000000.0}}"
ab8d9f5540c14a6dac3c9c7137d74869,MET,QUARTERLY,2024-03-31,16057000000.0000,"{""Prepaid legal plans"": 148000000.0, ""Fee-based investment management"": 98000000.0, ""Vision fee for service arrangements"": 146000000.0, ""Administrative services-only contracts"": 67000000.0, ""Recordkeeping and administrative services (1)"": 38000000.0, ""Other revenue from service contracts from customers"": 80000000.0}","{""product"": {""Prepaid legal plans"": 148000000.0, ""Fee-based investment management"": 98000000.0, ""Vision fee for service arrangements"": 146000000.0, ""Administrative services-only contracts"": 67000000.0, ""Recordkeeping and administrative services (1)"": 38000000.0, ""Other revenue from service contracts from customers"": 80000000.0}}"
6479427d4b3c46feaec107a29f52b5bd,MET,QUARTERLY,2018-03-31,14805000000.0000,"{""Prepaid legal plans"": 73000000.0, ""Fee-based investment management"": 71000000.0, ""Administrative services-only contracts"": 56000000.0, ""Recordkeeping and administrative services"": 58000000.0, ""Other revenue from service contracts from customers"": 64000000.0}","{""product"": {""Prepaid legal plans"": 73000000.0, ""Fee-based investment management"": 71000000.0, ""Administrative services-only contracts"": 56000000.0, ""Recordkeeping and administrative services"": 58000000.0, ""Other revenue from service contracts from customers"": 64000000.0}}"
d0dfea44ae0d4756bc72cd5debad53e8,MET,QUARTERLY,2018-09-30,16289000000.0000,"{""Prepaid legal plans"": 74000000.0, ""Fee-based investment management"": 74000000.0, ""Administrative services-only contracts"": 53000000.0, ""Recordkeeping and administrative services"": 56000000.0, ""Other revenue from service contracts from customers"": 72000000.0}","{""product"": {""Prepaid legal plans"": 74000000.0, ""Fee-based investment management"": 74000000.0, ""Administrative services-only contracts"": 53000000.0, ""Recordkeeping and administrative services"": 56000000.0, ""Other revenue from service contracts from customers"": 72000000.0}, ""segment"": {""Asia"": 2959000000.0, ""EMEA"": 707000000.0, ""U.S."": 8676000000.0, ""Latin America"": 1267000000.0, ""MetLife Holdings"": 2680000000.0, ""Corporate & Other"": 111000000.0}}"
e1bef209388e407d86b434a67c6b7178,DD,ANNUAL,2017-12-31,62484000000.0000,"{""Non-core"": 958000000.0, ""Corporate"": 0.0, ""Electronics & Imaging"": 2713000000.0, ""Safety & Construction"": 2958000000.0, ""Nutrition & Biosciences"": 2580000000.0, ""Transportation & Industrial"": 2463000000.0}","{""segment"": {""Non-core"": 958000000.0, ""Corporate"": 0.0, ""Electronics & Imaging"": 2713000000.0, ""Safety & Construction"": 2958000000.0, ""Nutrition & Biosciences"": 2580000000.0, ""Transportation & Industrial"": 2463000000.0}, ""geography"": {""EMEA"": 18069000000.0, ""Rest of World"": 23205000000.0, ""United States"": 21210000000.0}}"
2091c680b4044c94944c1cec37df396b,FITB,QUARTERLY,2026-03-31,2972000000.0000,"{""Commercial Banking"": 0.0, ""Wealth And Asset Management"": 0.0, ""Consumer and Small Business Banking"": 146000000.0}","{""segment"": {""Commercial Banking"": 0.0, ""Wealth And Asset Management"": 0.0, ""Consumer and Small Business Banking"": 146000000.0}}"
0493e104ab0c4cc7bf92f6c143dfcd6e,MTB,QUARTERLY,2023-09-30,2641000000.0000,"{""Retail Bank"": 112000000.0, ""Commercial Bank"": 67000000.0, ""Institutional Services and Wealth Management"": 181000000.0}","{""product"": {""Other"": 14000000.0, ""Trust income"": 155000000.0, ""Brokerage services income"": 27000000.0, ""Service charges on deposit accounts"": 121000000.0, ""Merchant discount and credit card interchange fees"": 43000000.0}, ""segment"": {""Retail Bank"": 112000000.0, ""Commercial Bank"": 67000000.0, ""Institutional Services and Wealth Management"": 181000000.0}}"
2d7560a4c3a9423583324cce7f905e9d,MTB,ANNUAL,2023-12-31,9643000000.0000,"{""Retail Bank"": 444000000.0, ""Commercial Bank"": 257000000.0, ""Institutional Services and Wealth Management"": 783000000.0}","{""product"": {""Other"": 66000000.0, ""Trust income"": 680000000.0, ""Brokerage services income"": 102000000.0, ""Service charges on deposit accounts"": 475000000.0, ""Merchant discount and credit card interchange fees"": 161000000.0}, ""segment"": {""Retail Bank"": 444000000.0, ""Commercial Bank"": 257000000.0, ""Institutional Services and Wealth Management"": 783000000.0}}"
d0c175fad78a4355a9883caae1347b87,DD,QUARTERLY,2018-06-30,24245000000.0000,"{""Non-core"": 526000000.0, ""Corporate"": 0.0, ""Electronics & Imaging"": 921000000.0, ""Safety & Construction"": 1372000000.0, ""Nutrition & Biosciences"": 1621000000.0, ""Transportation & Industrial"": 1417000000.0}","{""segment"": {""Non-core"": 526000000.0, ""Corporate"": 0.0, ""Electronics & Imaging"": 921000000.0, ""Safety & Construction"": 1372000000.0, ""Nutrition & Biosciences"": 1621000000.0, ""Transportation & Industrial"": 1417000000.0}, ""geography"": {""EMEA 1"": 1492000000.0, ""Asia Pacific"": 2178000000.0, ""Latin America"": 330000000.0, ""U.S. & Canada"": 1857000000.0}}"
a22d713d394a4abfa80c2bfd17767920,MTB,QUARTERLY,2025-03-31,2560000000.0000,"{""Retail Bank"": 116000000.0, ""Commercial Bank"": 72000000.0, ""Institutional Services and Wealth Management"": 209000000.0}","{""product"": {""Other"": 18000000.0, ""Trust income"": 177000000.0, ""Brokerage services income"": 32000000.0, ""Service charges on deposit accounts"": 133000000.0, ""Merchant discount and credit card interchange fees"": 37000000.0}, ""segment"": {""Retail Bank"": 116000000.0, ""Commercial Bank"": 72000000.0, ""Institutional Services and Wealth Management"": 209000000.0}}"
4fc8d32b1c0a4c4fa8dfae8b39b6229f,MTB,QUARTERLY,2025-09-30,2680000000.0000,"{""Retail Bank"": 130000000.0, ""Commercial Bank"": 78000000.0, ""Institutional Services and Wealth Management"": 215000000.0}","{""product"": {""Other"": 20000000.0, ""Trust income"": 181000000.0, ""Brokerage services income"": 34000000.0, ""Service charges on deposit accounts"": 141000000.0, ""Merchant discount and credit card interchange fees"": 47000000.0}, ""segment"": {""Retail Bank"": 130000000.0, ""Commercial Bank"": 78000000.0, ""Institutional Services and Wealth Management"": 215000000.0}}"
49618ab0d86f40798d95d542dfcd5eb0,FITB,QUARTERLY,2018-06-30,1269000000.0000,"{""Branch Banking"": 67000000.0, ""Consumer Lending"": 0.0, ""Commercial Banking"": 70000000.0, ""Corporate And Other"": 0.0, ""Investment Advisors"": 0.0}","{""segment"": {""Branch Banking"": 67000000.0, ""Consumer Lending"": 0.0, ""Commercial Banking"": 70000000.0, ""Corporate And Other"": 0.0, ""Investment Advisors"": 0.0}}"
c9f2873f849c498c9a2f773acbc7c245,MET,ANNUAL,2023-12-31,66905000000.0000,"{""ASO contracts"": 259000000.0, ""Prepaid legal plans"": 516000000.0, ""Vision fee for service arrangements"": 598000000.0, ""Recordkeeping and administrative services (2)"": 150000000.0, ""Institutional Client asset management fees (1)"": 316000000.0, ""Other revenue from service contracts from customers"": 390000000.0}","{""product"": {""ASO contracts"": 259000000.0, ""Prepaid legal plans"": 516000000.0, ""Vision fee for service arrangements"": 598000000.0, ""Recordkeeping and administrative services (2)"": 150000000.0, ""Institutional Client asset management fees (1)"": 316000000.0, ""Other revenue from service contracts from customers"": 390000000.0}}"
1674976a6b1b4076a637774f35fe930f,MET,QUARTERLY,2024-09-30,18440000000.0000,"{""Prepaid legal plans"": 144000000.0, ""Asset management fees"": 99000000.0, ""Vision fee for service arrangements"": 126000000.0, ""Administrative services-only contracts"": 69000000.0, ""Recordkeeping and administrative services (1)"": 38000000.0, ""Other revenue from service contracts from customers"": 78000000.0}","{""product"": {""Prepaid legal plans"": 144000000.0, ""Asset management fees"": 99000000.0, ""Vision fee for service arrangements"": 126000000.0, ""Administrative services-only contracts"": 69000000.0, ""Recordkeeping and administrative services (1)"": 38000000.0, ""Other revenue from service contracts from customers"": 78000000.0}}"
b2c852979ad54f0088c1ac66f6efcb19,PRU,QUARTERLY,2017-06-30,13441000000.0000,"{""Other fees"": 152000000.0, ""Asset-based management fees"": 816000000.0, ""Performance-based incentive fees"": 5000000.0}","{""product"": {""Other fees"": 152000000.0, ""Asset-based management fees"": 816000000.0, ""Performance-based incentive fees"": 5000000.0}}"
00606b4e55d9465699cd29d9e099a79b,PRU,QUARTERLY,2017-09-30,16313000000.0000,"{""Other fees"": 150000000.0, ""Asset-based management fees"": 848000000.0, ""Performance-based incentive fees"": 7000000.0}","{""product"": {""Other fees"": 150000000.0, ""Asset-based management fees"": 848000000.0, ""Performance-based incentive fees"": 7000000.0}}"
4a06d38323604af99c4d17439064de5e,FITB,ANNUAL,2024-12-31,10426000000.0000,"{""Commercial Banking"": 519000000.0, ""Wealth And Asset Management"": 1000000.0, ""Consumer and Small Business Banking"": 86000000.0}","{""segment"": {""Commercial Banking"": 519000000.0, ""Wealth And Asset Management"": 1000000.0, ""Consumer and Small Business Banking"": 86000000.0}}"
9ec80e2ffad9429d82b6a03cfcefa396,FITB,ANNUAL,2019-12-31,6254000000.0000,"{""Branch Banking"": 260000000.0, ""Consumer Lending"": 0.0, ""Commercial Banking"": 308000000.0, ""Investment Advisors"": 1000000.0}","{""segment"": {""Branch Banking"": 260000000.0, ""Consumer Lending"": 0.0, ""Commercial Banking"": 308000000.0, ""Investment Advisors"": 1000000.0}}"
6f415ae9a64d4a858a174e21b4a4b36a,FITB,ANNUAL,2020-12-31,5572000000.0000,"{""Commercial Banking"": 358000000.0, ""Wealth And Asset Management"": 1000000.0, ""Consumer and Small Business Banking"": 200000000.0}","{""segment"": {""Commercial Banking"": 358000000.0, ""Wealth And Asset Management"": 1000000.0, ""Consumer and Small Business Banking"": 200000000.0}}"
68dbe39674934ddea8660ee8a8ac3666,FITB,QUARTERLY,2020-03-31,1525000000.0000,"{""Branch Banking"": 65000000.0, ""Consumer Lending"": 0.0, ""Commercial Banking"": 84000000.0, ""Investment Advisors"": 0.0}","{""segment"": {""Branch Banking"": 65000000.0, ""Consumer Lending"": 0.0, ""Commercial Banking"": 84000000.0, ""Investment Advisors"": 0.0}}"
69c6734e09b14b6bb5ea473c73e2a779,FITB,QUARTERLY,2021-03-31,1302000000.0000,"{""Branch Banking"": 54000000.0, ""Consumer Lending"": 0.0, ""Commercial Banking"": 90000000.0, ""Wealth And Asset Management"": 0.0}","{""segment"": {""Branch Banking"": 54000000.0, ""Consumer Lending"": 0.0, ""Commercial Banking"": 90000000.0, ""Wealth And Asset Management"": 0.0}}"
acf780058e1d452c9480a243de99f8fa,FITB,QUARTERLY,2021-06-30,1323000000.0000,"{""Branch Banking"": 57000000.0, ""Consumer Lending"": 0.0, ""Commercial Banking"": 92000000.0, ""Wealth And Asset Management"": 0.0}","{""segment"": {""Branch Banking"": 57000000.0, ""Consumer Lending"": 0.0, ""Commercial Banking"": 92000000.0, ""Wealth And Asset Management"": 0.0}}"
cc534d8cf859474892874eaacbad5878,FITB,ANNUAL,2025-12-31,9903000000.0000,"{""Commercial Banking"": 553000000.0, ""Wealth And Asset Management"": 1000000.0, ""Consumer and Small Business Banking"": 87000000.0}","{""segment"": {""Commercial Banking"": 553000000.0, ""Wealth And Asset Management"": 1000000.0, ""Consumer and Small Business Banking"": 87000000.0}}"
6dabc8bdd94845cba7c128fd8a26ef86,MET,QUARTERLY,2025-06-30,17340000000.0000,"{""Prepaid legal plans"": 158000000.0, ""Vision fee for service arrangements"": 133000000.0, ""Administrative services-only contracts"": 73000000.0, ""Recordkeeping and administrative services (2)"": 34000000.0, ""Institutional Client asset management fees (1)"": 95000000.0, ""Other revenue related to service contracts from customers (1) (3)"": 111000000.0}","{""product"": {""Prepaid legal plans"": 158000000.0, ""Vision fee for service arrangements"": 133000000.0, ""Administrative services-only contracts"": 73000000.0, ""Recordkeeping and administrative services (2)"": 34000000.0, ""Institutional Client asset management fees (1)"": 95000000.0, ""Other revenue related to service contracts from customers (1) (3)"": 111000000.0}}"
1aa1cdb08d2940c7a776f7dc1e6b6bcd,FIX,ANNUAL,2025-12-31,9101641000.0000,"{""Electrical Segment"": 429071000.0, ""Mechanical Segment"": 1402215000.0}","{""product"": {""Electrical Segment"": 2427896000.0, ""Mechanical Segment"": 6673745000.0}, ""segment"": {""Electrical Segment"": 429071000.0, ""Mechanical Segment"": 1402215000.0}}"
ab6407b100114c14bcae52a7380651c8,DTE,QUARTERLY,2017-09-30,3245000000.0000,"{""Gas"": 152000000.0, ""Electric"": 1434000000.0}","{""segment"": {""Gas"": 152000000.0, ""Electric"": 1434000000.0}}"
478c223045c54815a37c768ffe947c90,DTE,QUARTERLY,2018-03-31,3753000000.0000,"{""Gas"": 550000000.0, ""Electric"": 1205000000.0}","{""segment"": {""Gas"": 550000000.0, ""Electric"": 1205000000.0}}"
7486f3021ef64cc2943ea97f863105dc,DTE,QUARTERLY,2019-06-30,2888000000.0000,"{""Gas"": 243000000.0, ""Electric"": 1190000000.0}","{""segment"": {""Gas"": 243000000.0, ""Electric"": 1190000000.0}}"
2d58eddda63c46cf8e4f4a5605fa3d90,DTE,QUARTERLY,2018-09-30,3550000000.0000,"{""Gas"": 164000000.0, ""Electric"": 1521000000.0}","{""segment"": {""Gas"": 164000000.0, ""Electric"": 1521000000.0}}"
3ff28414fbdc49cc94bd8f6dbab22fd6,DTE,ANNUAL,2018-12-31,14212000000.0000,"{""Gas"": 1436000000.0, ""Electric"": 5298000000.0, ""Energy Trading"": 0.0, ""Corporate and Other"": 0.0, ""Gas Storage and Pipelines"": 0.0, ""Power and Industrial Projects"": 0.0}","{""segment"": {""Gas"": 1436000000.0, ""Electric"": 5298000000.0, ""Energy Trading"": 0.0, ""Corporate and Other"": 0.0, ""Gas Storage and Pipelines"": 0.0, ""Power and Industrial Projects"": 0.0}}"
eca52d0af39343a399bb92c69be8819b,IBKR,QUARTERLY,2023-03-31,1056000000.0000,"{""Others"": 7000000.0, ""Commissions"": 357000000.0, ""FDIC Sweep Fees"": 4000000.0, ""Market Data Fees"": 18000000.0, ""Risk Exposure Fees"": 6000000.0, ""Payments For Order Flow"": 8000000.0}","{""product"": {""Others"": 7000000.0, ""Commissions"": 357000000.0, ""FDIC Sweep Fees"": 4000000.0, ""Market Data Fees"": 18000000.0, ""Risk Exposure Fees"": 6000000.0, ""Payments For Order Flow"": 8000000.0}, ""geography"": {""International"": 323000000.0, ""United States"": 733000000.0}}"
5577f14262064e18a05a36adaff713f9,HUM,QUARTERLY,2022-03-31,23970000000.0000,"{""Insurance"": 204000000.0, ""CenterWell"": 1060000000.0}","{""segment"": {""Insurance"": 204000000.0, ""CenterWell"": 1060000000.0}}"
5f13dc1f7e704220a3f713b2ba9d86c5,KEY,QUARTERLY,2025-09-30,1895000000.0000,"{""Consumer Bank"": 207000000.0, ""Commercial Bank"": 226000000.0}","{""product"": {""Other noninterest income"": 2000000.0, ""Cards and payments income"": 86000000.0, ""Services charges on deposit accounts"": 74000000.0, ""Trust and investment services income"": 142000000.0, ""Investment banking and debt placement fees"": 129000000.0}, ""segment"": {""Consumer Bank"": 207000000.0, ""Commercial Bank"": 226000000.0}}"
437f4f1f8e7040a7aca38bc38e0a3101,HBAN,QUARTERLY,2018-09-30,1007000000.0000,"{""RBPCG"": 46000000.0, ""Vehicle Finance"": 2000000.0, ""Commercial Banking"": 23000000.0, ""Consumer & Business Banking"": 150000000.0}","{""product"": {""Other income"": 15000000.0, ""Insurance income"": 19000000.0, ""Card and payment processing income"": 53000000.0, ""Service charges on deposit accounts"": 93000000.0, ""Trust and investment management services"": 42000000.0}, ""segment"": {""RBPCG"": 46000000.0, ""Vehicle Finance"": 2000000.0, ""Commercial Banking"": 23000000.0, ""Consumer & Business Banking"": 150000000.0}}"
2e18f10260924fa5b19c442065b8a8e2,HBAN,ANNUAL,2018-12-31,3949000000.0000,"{""RBHPCG"": 192000000.0, ""Vehicle Finance"": 8000000.0, ""Commercial Banking"": 90000000.0, ""Consumer & Business Banking"": 588000000.0}","{""product"": {""Other income"": 56000000.0, ""Insurance income"": 82000000.0, ""Cards and payment processing income"": 209000000.0, ""Service charges on deposit accounts"": 363000000.0, ""Trust and investment management services"": 171000000.0}, ""segment"": {""RBHPCG"": 192000000.0, ""Vehicle Finance"": 8000000.0, ""Commercial Banking"": 90000000.0, ""Consumer & Business Banking"": 588000000.0}}"
980bc90223a749e4bf80d353d749b520,HBAN,QUARTERLY,2019-03-31,1070000000.0000,"{""RBPCG"": 50000000.0, ""Vehicle Finance"": 2000000.0, ""Commercial Banking"": 26000000.0, ""Consumer & Business Banking"": 143000000.0}","{""product"": {""Capital markets fees"": 21000000.0, ""Mortgage banking income"": 44000000.0, ""Other noninterest income"": 17000000.0, ""Card and payment processing income"": 53000000.0, ""Service charges on deposit accounts"": 87000000.0}, ""segment"": {""RBPCG"": 50000000.0, ""Vehicle Finance"": 2000000.0, ""Commercial Banking"": 26000000.0, ""Consumer & Business Banking"": 143000000.0}}"
eb3af9cf7e1c48bfb83a1ba49b730d95,HBAN,QUARTERLY,2019-06-30,1068000000.0000,"{""RBPCG"": 48000000.0, ""Vehicle Finance"": 3000000.0, ""Commercial Banking"": 27000000.0, ""Consumer & Business Banking"": 154000000.0}","{""product"": {""Insurance income"": 23000000.0, ""Other noninterest income"": 17000000.0, ""Card and payment processing income"": 60000000.0, ""Service charges on deposit accounts"": 92000000.0, ""Trust and investment management services"": 43000000.0}, ""segment"": {""RBPCG"": 48000000.0, ""Vehicle Finance"": 3000000.0, ""Commercial Banking"": 27000000.0, ""Consumer & Business Banking"": 154000000.0}}"
468a755e16644a4dbf3bac46961c54ed,HBAN,QUARTERLY,2019-09-30,1052000000.0000,"{""RBPCG"": 46000000.0, ""Vehicle Finance"": 4000000.0, ""Commercial Banking"": 30000000.0, ""Consumer & Business Banking"": 160000000.0}","{""product"": {""Insurance income"": 20000000.0, ""Other noninterest income"": 18000000.0, ""Card and payment processing income"": 60000000.0, ""Service charges on deposit accounts"": 98000000.0, ""Trust and investment management services"": 44000000.0}, ""segment"": {""RBPCG"": 46000000.0, ""Vehicle Finance"": 4000000.0, ""Commercial Banking"": 30000000.0, ""Consumer & Business Banking"": 160000000.0}}"
1360b792f1df4ad0958deeac8b7c70e0,HBAN,ANNUAL,2019-12-31,4201000000.0000,"{""RBHPCG"": 196000000.0, ""Vehicle Finance"": 11000000.0, ""Commercial Banking"": 113000000.0, ""Consumer & Business Banking"": 615000000.0}","{""product"": {""Other income"": 68000000.0, ""Insurance income"": 88000000.0, ""Cards and payment processing income"": 233000000.0, ""Service charges on deposit accounts"": 372000000.0, ""Trust and investment management services"": 178000000.0}, ""segment"": {""RBHPCG"": 196000000.0, ""Vehicle Finance"": 11000000.0, ""Commercial Banking"": 113000000.0, ""Consumer & Business Banking"": 615000000.0}}"
3ef8353e12b14c5f92966f5a613f8425,HBAN,QUARTERLY,2021-03-31,869000000.0000,"{""RBPCG"": 52000000.0, ""Vehicle Finance"": 3000000.0, ""Commercial Banking"": 28000000.0, ""Consumer & Business Banking"": 137000000.0}","{""product"": {""Insurance income"": 27000000.0, ""Mortgage banking income"": 52000000.0, ""Other noninterest income"": 12000000.0, ""Card and payment processing income"": 62000000.0, ""Service charges on deposit accounts"": 69000000.0}, ""segment"": {""RBPCG"": 52000000.0, ""Vehicle Finance"": 3000000.0, ""Commercial Banking"": 28000000.0, ""Consumer & Business Banking"": 137000000.0}}"
07d5d1b648614c429cfca66ef4915a53,HBAN,QUARTERLY,2020-03-31,975000000.0000,"{""RBPCG"": 50000000.0, ""Vehicle Finance"": 2000000.0, ""Commercial Banking"": 27000000.0, ""Consumer & Business Banking"": 146000000.0}","{""product"": {""Insurance income"": 23000000.0, ""Mortgage banking income"": 87000000.0, ""Other noninterest income"": 14000000.0, ""Card and payment processing income"": 47000000.0, ""Service charges on deposit accounts"": 56000000.0}, ""segment"": {""RBPCG"": 50000000.0, ""Vehicle Finance"": 2000000.0, ""Commercial Banking"": 27000000.0, ""Consumer & Business Banking"": 146000000.0}}"
3b5aefcacab8467aaf7cdcaf8bc2c028,HBAN,QUARTERLY,2020-06-30,902000000.0000,"{""RBPCG"": 53000000.0, ""Vehicle Finance"": 1000000.0, ""Commercial Banking"": 28000000.0, ""Consumer & Business Banking"": 117000000.0}","{""product"": {""Insurance income"": 25000000.0, ""Mortgage banking income"": 59000000.0, ""Other noninterest income"": 17000000.0, ""Card and payment processing income"": 45000000.0, ""Service charges on deposit accounts"": 55000000.0}, ""segment"": {""RBPCG"": 53000000.0, ""Vehicle Finance"": 1000000.0, ""Commercial Banking"": 28000000.0, ""Consumer & Business Banking"": 117000000.0}}"
566d1e722d394cbe9ec588c0109cea38,HBAN,QUARTERLY,2020-09-30,892000000.0000,"{""RBPCG"": 49000000.0, ""Vehicle Finance"": 3000000.0, ""Commercial Banking"": 32000000.0, ""Consumer & Business Banking"": 144000000.0}","{""product"": {""Insurance income"": 24000000.0, ""Mortgage banking income"": 76000000.0, ""Other noninterest income"": 13000000.0, ""Card and payment processing income"": 48000000.0, ""Service charges on deposit accounts"": 63000000.0}, ""segment"": {""RBPCG"": 49000000.0, ""Vehicle Finance"": 3000000.0, ""Commercial Banking"": 32000000.0, ""Consumer & Business Banking"": 144000000.0}}"
2322adfa6fa74e649d40d0c375cb0727,HBAN,QUARTERLY,2021-09-30,1205000000.0000,"{""Insurance income"": 25000000.0, ""Capital markets fees"": 6000000.0, ""Other noninterest income"": 18000000.0, ""Card and payment processing income"": 91000000.0, ""Service charges on deposit accounts"": 114000000.0, ""Trust and investment management services"": 61000000.0}","{""product"": {""Insurance income"": 25000000.0, ""Capital markets fees"": 6000000.0, ""Other noninterest income"": 18000000.0, ""Card and payment processing income"": 91000000.0, ""Service charges on deposit accounts"": 114000000.0, ""Trust and investment management services"": 61000000.0}}"
c0fc877839c54234bd13fd72c0d446c6,HBAN,QUARTERLY,2021-06-30,935000000.0000,"{""RBPCG"": 54000000.0, ""Vehicle Finance"": 1000000.0, ""Commercial Banking"": 34000000.0, ""Consumer & Business Banking"": 166000000.0}","{""product"": {""Insurance income"": 25000000.0, ""Capital markets fees"": 8000000.0, ""Other noninterest income"": 9000000.0, ""Card and payment processing income"": 72000000.0, ""Service charges on deposit accounts"": 88000000.0, ""Trust and investment management services"": 55000000.0}, ""segment"": {""RBPCG"": 54000000.0, ""Vehicle Finance"": 1000000.0, ""Commercial Banking"": 34000000.0, ""Consumer & Business Banking"": 166000000.0}}"
7408d737611c48a19addea6b8132218e,HBAN,QUARTERLY,2022-06-30,1331000000.0000,"{""Commercial Banking"": 59000000.0, ""Consumer & Regional Banking"": 264000000.0}","{""product"": {""Insurance income"": 27000000.0, ""Capital markets fees"": 11000000.0, ""Other noninterest income"": 27000000.0, ""Card and payment processing income"": 89000000.0, ""Service charges on deposit accounts"": 105000000.0, ""Trust and investment management services"": 63000000.0}, ""segment"": {""Commercial Banking"": 59000000.0, ""Consumer & Regional Banking"": 264000000.0}}"
ec6249c2e01646daa00060dfdf3a6ec3,HBAN,ANNUAL,2021-12-31,4191000000.0000,"{""Commercial Banking"": 156000000.0, ""Consumer & Business Banking"": 945000000.0}","{""product"": {""Other"": 19000000.0, ""Leasing revenue"": 23000000.0, ""Insurance income"": 82000000.0, ""Capital markets fees"": 29000000.0, ""Customer deposit and loan fees"": 227000000.0, ""Wealth and asset management revenue"": 269000000.0, ""Payments and cash management revenue"": 464000000.0}, ""segment"": {""Commercial Banking"": 156000000.0, ""Consumer & Business Banking"": 945000000.0}}"
1700eb73bd804b96828dedd065741f9f,HBAN,QUARTERLY,2022-03-31,1195000000.0000,"{""RBHPCG"": 65000000.0, ""Vehicle Finance"": 2000000.0, ""Commercial Banking"": 56000000.0, ""Consumer & Business Banking"": 183000000.0}","{""product"": {""Insurance income"": 31000000.0, ""Capital markets fees"": 6000000.0, ""Other noninterest income"": 29000000.0, ""Card and payment processing income"": 80000000.0, ""Service charges on deposit accounts"": 97000000.0, ""Trust and investment management services"": 65000000.0}, ""segment"": {""RBHPCG"": 65000000.0, ""Vehicle Finance"": 2000000.0, ""Commercial Banking"": 56000000.0, ""Consumer & Business Banking"": 183000000.0}}"
131ec3dc58f344d1a85a8f0e9ffa94f4,FITB,QUARTERLY,2025-09-30,2519000000.0000,"{""Commercial Banking"": 0.0, ""Wealth And Asset Management"": 1000000.0, ""Consumer and Small Business Banking"": 144000000.0}","{""segment"": {""Commercial Banking"": 0.0, ""Wealth And Asset Management"": 1000000.0, ""Consumer and Small Business Banking"": 144000000.0}}"
45a0c6be671244a6b36c22fb6323bc3c,HBAN,QUARTERLY,2022-09-30,1589000000.0000,"{""Commercial Banking"": 95000000.0, ""Consumer & Regional Banking"": 252000000.0}","{""product"": {""Insurance income"": 28000000.0, ""Capital markets fees"": 38000000.0, ""Other noninterest income"": 36000000.0, ""Card and payment processing income"": 90000000.0, ""Service charges on deposit accounts"": 93000000.0, ""Trust and investment management services"": 60000000.0}, ""segment"": {""Commercial Banking"": 95000000.0, ""Consumer & Regional Banking"": 252000000.0}}"
39e3e587f1574e948305cae8610591d6,HBAN,ANNUAL,2022-12-31,5969000000.0000,"{""Commercial Banking"": 304000000.0, ""Consumer & Regional Banking"": 1020000000.0}","{""product"": {""Leasing revenue"": 67000000.0, ""Insurance income"": 79000000.0, ""Other noninterest income"": 18000000.0, ""Customer deposit and loan fees"": 231000000.0, ""Capital markets and advisory fees"": 110000000.0, ""Wealth and asset management revenue"": 300000000.0, ""Payments and cash management revenue"": 513000000.0}, ""segment"": {""Commercial Banking"": 304000000.0, ""Consumer & Regional Banking"": 1020000000.0}}"
53cde3a0faf04ffa914cd5bdd973bc5e,HBAN,QUARTERLY,2023-06-30,2225000000.0000,"{""Commercial Banking"": 75000000.0, ""Consumer & Regional Banking"": 258000000.0}","{""product"": {""Leasing revenue"": 14000000.0, ""Insurance income"": 18000000.0, ""Capital markets fees"": 28000000.0, ""Other noninterest income"": 3000000.0, ""Customer deposit and loan fees"": 52000000.0, ""Wealth and asset management revenue"": 83000000.0, ""Payments and cash management revenue"": 134000000.0}, ""segment"": {""Commercial Banking"": 75000000.0, ""Consumer & Regional Banking"": 258000000.0}}"
ec639648e0ed455b837cdec5e78247d3,HBAN,QUARTERLY,2023-09-30,2313000000.0000,"{""Commercial Banking"": 74000000.0, ""Consumer & Regional Banking"": 267000000.0}","{""product"": {""Leasing revenue"": 12000000.0, ""Insurance income"": 18000000.0, ""Capital markets fees"": 31000000.0, ""Other noninterest income"": 3000000.0, ""Customer deposit and loan fees"": 57000000.0, ""Wealth and asset management revenue"": 79000000.0, ""Payments and cash management revenue"": 138000000.0}, ""segment"": {""Commercial Banking"": 74000000.0, ""Consumer & Regional Banking"": 267000000.0}}"
cc120d3c00034785b3ed04e470803a2d,HBAN,ANNUAL,2023-12-31,8916000000.0000,"{""Commercial Banking"": 307000000.0, ""Consumer & Regional Banking"": 1098000000.0}","{""product"": {""Leasing revenue"": 51000000.0, ""Insurance income"": 74000000.0, ""Other noninterest income"": 68000000.0, ""Customer deposit and loan fees"": 211000000.0, ""Capital markets and advisory fees"": 132000000.0, ""Wealth and asset management revenue"": 328000000.0, ""Payments and cash management revenue"": 536000000.0}, ""segment"": {""Commercial Banking"": 307000000.0, ""Consumer & Regional Banking"": 1098000000.0}}"
318d0363034c4af3bda1902d41944528,HBAN,QUARTERLY,2024-03-31,2380000000.0000,"{""Commercial Banking"": 71000000.0, ""Consumer & Regional Banking"": 265000000.0}","{""product"": {""Leasing revenue"": 10000000.0, ""Insurance income"": 19000000.0, ""Other noninterest income"": 2000000.0, ""Customer deposit and loan fees"": 54000000.0, ""Capital markets and advisory fees"": 29000000.0, ""Wealth and asset management revenue"": 88000000.0, ""Payments and cash management revenue"": 134000000.0}, ""segment"": {""Commercial Banking"": 71000000.0, ""Consumer & Regional Banking"": 265000000.0}}"
eb2631fbd0474b3c955cd36b030f58a2,HBAN,QUARTERLY,2024-06-30,2476000000.0000,"{""Commercial Banking"": 81000000.0, ""Consumer & Regional Banking"": 280000000.0}","{""product"": {""Leasing revenue"": 10000000.0, ""Insurance income"": 18000000.0, ""Other noninterest income"": 1000000.0, ""Customer deposit and loan fees"": 56000000.0, ""Capital markets and advisory fees"": 43000000.0, ""Wealth and asset management revenue"": 90000000.0, ""Payments and cash management revenue"": 142000000.0}, ""segment"": {""Commercial Banking"": 81000000.0, ""Consumer & Regional Banking"": 280000000.0}}"
71267586885646d4aa21f174f7c2c5d4,HBAN,ANNUAL,2024-12-31,9921000000.0000,"{""Commercial Banking"": 353000000.0, ""Consumer & Regional Banking"": 1120000000.0}","{""product"": {""Leasing revenue"": 30000000.0, ""Insurance income"": 77000000.0, ""Other noninterest income"": 10000000.0, ""Customer deposit and loan fees"": 227000000.0, ""Capital markets and advisory fees"": 193000000.0, ""Wealth and asset management revenue"": 364000000.0, ""Payments and cash management revenue"": 567000000.0}, ""segment"": {""Commercial Banking"": 353000000.0, ""Consumer & Regional Banking"": 1120000000.0}}"
9ef23eca305b4520b29d06c06c2f397e,HBAN,QUARTERLY,2025-03-31,2489000000.0000,"{""Commercial Banking"": 73000000.0, ""Consumer & Regional Banking"": 278000000.0}","{""product"": {""Leasing revenue"": 20000000.0, ""Other noninterest income"": 2000000.0, ""Customer deposit and loan fees"": 54000000.0, ""Capital markets and advisory fees"": 30000000.0, ""Wealth and asset management revenue"": 101000000.0, ""Payments and cash management revenue"": 140000000.0}, ""segment"": {""Commercial Banking"": 73000000.0, ""Consumer & Regional Banking"": 278000000.0}}"
41462a1d6b724df8beb72dbf50645aa2,HBAN,QUARTERLY,2025-06-30,2556000000.0000,"{""Commercial Banking"": 84000000.0, ""Consumer & Regional Banking"": 295000000.0}","{""product"": {""Leasing revenue"": 3000000.0, ""Insurance income"": 19000000.0, ""Other noninterest income"": 0.0, ""Customer deposit and loan fees"": 62000000.0, ""Capital markets and advisory fees"": 41000000.0, ""Wealth and asset management revenue"": 102000000.0, ""Payments and cash management revenue"": 150000000.0}, ""segment"": {""Commercial Banking"": 84000000.0, ""Consumer & Regional Banking"": 295000000.0}}"
cefca63e705f41ea86472e650de7f051,FITB,QUARTERLY,2018-09-30,1315000000.0000,"{""Branch Banking"": 71000000.0, ""Consumer Lending"": 0.0, ""Commercial Banking"": 68000000.0, ""Corporate And Other"": 0.0, ""Investment Advisors"": 0.0}","{""segment"": {""Branch Banking"": 71000000.0, ""Consumer Lending"": 0.0, ""Commercial Banking"": 68000000.0, ""Corporate And Other"": 0.0, ""Investment Advisors"": 0.0}}"
9230c1bf7f88426d8ab16a9dd1af2743,FITB,QUARTERLY,2018-03-31,1206000000.0000,"{""Branch Banking"": 66000000.0, ""Consumer Lending"": 0.0, ""Commercial Banking"": 71000000.0, ""Corporate And Other"": 0.0, ""Investment Advisors"": 0.0}","{""segment"": {""Branch Banking"": 66000000.0, ""Consumer Lending"": 0.0, ""Commercial Banking"": 71000000.0, ""Corporate And Other"": 0.0, ""Investment Advisors"": 0.0}}"
d342d8535a43407b81997679b62daf2d,HBAN,ANNUAL,2025-12-31,10310000000.0000,"{""Commercial Banking"": 357000000.0, ""Consumer & Regional Banking"": 1208000000.0}","{""product"": {""Leasing revenue"": 12000000.0, ""Insurance income"": 81000000.0, ""Other noninterest income"": 30000000.0, ""Customer deposit and loan fees"": 250000000.0, ""Capital markets and advisory fees"": 168000000.0, ""Wealth and asset management revenue"": 408000000.0, ""Payments and cash management revenue"": 613000000.0}, ""segment"": {""Commercial Banking"": 357000000.0, ""Consumer & Regional Banking"": 1208000000.0}}"
fee0b73f17c5481e9a15d92aa29cde07,FITB,QUARTERLY,2019-09-30,1625000000.0000,"{""Branch Banking"": 65000000.0, ""Consumer Lending"": 0.0, ""Commercial Banking"": 79000000.0, ""Investment Advisors"": 0.0}","{""segment"": {""Branch Banking"": 65000000.0, ""Consumer Lending"": 0.0, ""Commercial Banking"": 79000000.0, ""Investment Advisors"": 0.0}}"
c5f042431a5241c88f4971b6551ce8b2,FITB,QUARTERLY,2019-03-31,1433000000.0000,"{""Branch Banking"": 64000000.0, ""Consumer Lending"": 0.0, ""Commercial Banking"": 66000000.0, ""Corporate And Other"": 1000000.0, ""Investment Advisors"": 0.0}","{""segment"": {""Branch Banking"": 64000000.0, ""Consumer Lending"": 0.0, ""Commercial Banking"": 66000000.0, ""Corporate And Other"": 1000000.0, ""Investment Advisors"": 0.0}}"
8d7e6ba89ae641f3959dcb0502395d24,FITB,QUARTERLY,2019-06-30,1636000000.0000,"{""Branch Banking"": 63000000.0, ""Consumer Lending"": 0.0, ""Commercial Banking"": 82000000.0, ""Investment Advisors"": 0.0}","{""segment"": {""Branch Banking"": 63000000.0, ""Consumer Lending"": 0.0, ""Commercial Banking"": 82000000.0, ""Investment Advisors"": 0.0}}"
65f3e59355a84604a4d81200a24d75c3,HBAN,QUARTERLY,2026-03-31,3086000000.0000,"{""Commercial Banking"": 143000000.0, ""Consumer & Regional Banking"": 329000000.0}","{""product"": {""Leasing revenue"": 21000000.0, ""Other noninterest income"": 7000000.0, ""Customer deposit and loan fees"": 70000000.0, ""Capital markets and advisory fees"": 74000000.0, ""Wealth and asset management revenue"": 120000000.0, ""Payments and cash management revenue"": 177000000.0}, ""segment"": {""Commercial Banking"": 143000000.0, ""Consumer & Regional Banking"": 329000000.0}}"
99f922cc9de9481db25130b570a50548,FITB,QUARTERLY,2020-06-30,1403000000.0000,"{""Branch Banking"": 42000000.0, ""Consumer Lending"": 0.0, ""Commercial Banking"": 79000000.0, ""Wealth And Asset Management"": 0.0}","{""segment"": {""Branch Banking"": 42000000.0, ""Consumer Lending"": 0.0, ""Commercial Banking"": 79000000.0, ""Wealth And Asset Management"": 0.0}}"
3240590bb4da48fca772741b9842623f,FITB,QUARTERLY,2020-09-30,1329000000.0000,"{""Branch Banking"": 53000000.0, ""Consumer Lending"": 0.0, ""Commercial Banking"": 91000000.0, ""Wealth And Asset Management"": 0.0}","{""segment"": {""Branch Banking"": 53000000.0, ""Consumer Lending"": 0.0, ""Commercial Banking"": 91000000.0, ""Wealth And Asset Management"": 0.0}}"
c443606101c4479c892685d7dbb51209,FITB,ANNUAL,2018-12-31,5183000000.0000,"{""Branch Banking"": 275000000.0, ""Consumer Lending"": 0.0, ""Commercial Banking"": 273000000.0, ""Investment Advisors"": 1000000.0}","{""segment"": {""Branch Banking"": 275000000.0, ""Consumer Lending"": 0.0, ""Commercial Banking"": 273000000.0, ""Investment Advisors"": 1000000.0}}"
9e67b4a0951a41b585d777c7edc881f6,FITB,QUARTERLY,2022-09-30,1760000000.0000,"{""Commercial Banking"": 90000000.0, ""Wealth And Asset Management"": 0.0, ""Consumer and Small Business Banking"": 53000000.0}","{""segment"": {""Commercial Banking"": 90000000.0, ""Wealth And Asset Management"": 0.0, ""Consumer and Small Business Banking"": 53000000.0}}"
1b5d8db76f2d4191bf90b7450f0a00ee,FITB,ANNUAL,2022-12-31,6587000000.0000,"{""Commercial Banking"": 468000000.0, ""Wealth And Asset Management"": 1000000.0, ""Consumer and Small Business Banking"": 89000000.0}","{""segment"": {""Commercial Banking"": 468000000.0, ""Wealth And Asset Management"": 1000000.0, ""Consumer and Small Business Banking"": 89000000.0}}"
6bb5bb7252944f1595f30accc1738f04,FITB,QUARTERLY,2023-06-30,2370000000.0000,"{""Commercial Banking"": 92000000.0, ""Investment Advisors"": 0.0, ""Consumer and Small Business Banking"": 53000000.0}","{""segment"": {""Commercial Banking"": 92000000.0, ""Investment Advisors"": 0.0, ""Consumer and Small Business Banking"": 53000000.0}}"
d2f84c54252740179ffa98c64fb8906e,FITB,QUARTERLY,2023-03-31,2213000000.0000,"{""Commercial Banking"": 87000000.0, ""Investment Advisors"": 0.0, ""Consumer and Small Business Banking"": 51000000.0}","{""segment"": {""Commercial Banking"": 87000000.0, ""Investment Advisors"": 0.0, ""Consumer and Small Business Banking"": 51000000.0}}"
dc1fc5d7f5de4319ae85a31dec647195,FITB,QUARTERLY,2023-09-30,2529000000.0000,"{""Commercial Banking"": 95000000.0, ""Investment Advisors"": 0.0, ""Consumer and Small Business Banking"": 55000000.0}","{""segment"": {""Commercial Banking"": 95000000.0, ""Investment Advisors"": 0.0, ""Consumer and Small Business Banking"": 55000000.0}}"
fa653eeac8084da6a0e1a9ccbbf58c11,FITB,QUARTERLY,2024-06-30,2620000000.0000,"{""Commercial Banking"": 132000000.0, ""Wealth And Asset Management"": 0.0, ""Consumer and Small Business Banking"": 22000000.0}","{""segment"": {""Commercial Banking"": 132000000.0, ""Wealth And Asset Management"": 0.0, ""Consumer and Small Business Banking"": 22000000.0}}"
6dec2c8a345040d1b8d87d35e366b34c,FITB,QUARTERLY,2024-09-30,2669000000.0000,"{""Commercial Banking"": 131000000.0, ""Wealth And Asset Management"": 0.0, ""Consumer and Small Business Banking"": 22000000.0}","{""segment"": {""Commercial Banking"": 131000000.0, ""Wealth And Asset Management"": 0.0, ""Consumer and Small Business Banking"": 22000000.0}}"
c8c2058c87d8496286c330cf94028ad0,FITB,QUARTERLY,2025-06-30,2484000000.0000,"{""Commercial Banking"": 132000000.0, ""Wealth And Asset Management"": 0.0, ""Consumer and Small Business Banking"": 22000000.0}","{""segment"": {""Commercial Banking"": 132000000.0, ""Wealth And Asset Management"": 0.0, ""Consumer and Small Business Banking"": 22000000.0}}"
25498d8440e04850941f9c542ac3c5b9,FITB,QUARTERLY,2026-06-30,3372000000.0000,"{""Commercial Banking"": 220000000.0, ""Wealth And Asset Management"": 2000000.0, ""Consumer and Small Business Banking"": 37000000.0}","{""segment"": {""Commercial Banking"": 220000000.0, ""Wealth And Asset Management"": 2000000.0, ""Consumer and Small Business Banking"": 37000000.0}}"
9256e44e0c8a48f99b03bc6f0ce27683,HUM,QUARTERLY,2020-09-30,20075000000.0000,"{""Retail"": 4000000.0, ""Group and Specialty"": 189000000.0, ""Healthcare Services"": 264000000.0}","{""segment"": {""Retail"": 4000000.0, ""Group and Specialty"": 189000000.0, ""Healthcare Services"": 264000000.0}}"
ab12b5af7e04477f99ef46d24d31ce2f,HUM,QUARTERLY,2021-09-30,20697000000.0000,"{""Retail"": 0.0, ""Group and Specialty"": 198000000.0, ""Healthcare Services"": 647000000.0}","{""segment"": {""Retail"": 0.0, ""Group and Specialty"": 198000000.0, ""Healthcare Services"": 647000000.0}}"
26e61662182240fb9df7eb5208ca17b2,HUM,QUARTERLY,2022-06-30,23662000000.0000,"{""Insurance"": 206000000.0, ""CenterWell"": 1143000000.0}","{""segment"": {""Insurance"": 206000000.0, ""CenterWell"": 1143000000.0}}"
a4db08c3cfd844d1a74f33028cc1b109,IBKR,QUARTERLY,2022-09-30,790000000.0000,"{""Others"": 12000000.0, ""Commissions"": 320000000.0, ""Market Data Fees"": 19000000.0, ""Risk Exposure Fees"": 5000000.0, ""Payments For Order Flow"": 9000000.0}","{""product"": {""Others"": 12000000.0, ""Commissions"": 320000000.0, ""Market Data Fees"": 19000000.0, ""Risk Exposure Fees"": 5000000.0, ""Payments For Order Flow"": 9000000.0}, ""geography"": {""International"": 234000000.0, ""United States"": 556000000.0}}"
f20b1e4cd2a044dfb4c2a3765b0b1ea6,IBKR,ANNUAL,2018-12-31,1903000000.0000,"{""Others"": 32000000.0, ""Commissions"": 777000000.0, ""Market Data Fees"": 46000000.0, ""Risk Exposure Fees"": 26000000.0, ""Minimum Activity Fees"": 23000000.0, ""Payments For Order Flow"": 21000000.0}","{""product"": {""Others"": 32000000.0, ""Commissions"": 777000000.0, ""Market Data Fees"": 46000000.0, ""Risk Exposure Fees"": 26000000.0, ""Minimum Activity Fees"": 23000000.0, ""Payments For Order Flow"": 21000000.0}, ""geography"": {""International"": 402000000.0, ""United States"": 1501000000.0}}"
4d828c77d217491b8dce27cf5a16210a,IBKR,ANNUAL,2022-12-31,3067000000.0000,"{""Others"": 28000000.0, ""Commissions"": 1322000000.0, ""FDIC Sweep Fees"": 10000000.0, ""Market Data Fees"": 76000000.0, ""Risk Exposure Fees"": 33000000.0, ""Payments For Order Flow"": 37000000.0}","{""product"": {""Others"": 28000000.0, ""Commissions"": 1322000000.0, ""FDIC Sweep Fees"": 10000000.0, ""Market Data Fees"": 76000000.0, ""Risk Exposure Fees"": 33000000.0, ""Payments For Order Flow"": 37000000.0}, ""geography"": {""International"": 952000000.0, ""United States"": 2115000000.0}}"
6c48155699ed44b38627bbb2d1af3e21,IBKR,QUARTERLY,2023-09-30,1145000000.0000,"{""Others"": 9000000.0, ""Commissions"": 333000000.0, ""FDIC Sweep Fees"": 5000000.0, ""Market Data Fees"": 17000000.0, ""Risk Exposure Fees"": 13000000.0, ""Payments For Order Flow"": 8000000.0}","{""product"": {""Others"": 9000000.0, ""Commissions"": 333000000.0, ""FDIC Sweep Fees"": 5000000.0, ""Market Data Fees"": 17000000.0, ""Risk Exposure Fees"": 13000000.0, ""Payments For Order Flow"": 8000000.0}, ""geography"": {""International"": 341000000.0, ""United States"": 804000000.0}}"
3c9de3e24fe044d392b09684360e6b4e,IBKR,QUARTERLY,2024-09-30,1365000000.0000,"{""Others"": 9000000.0, ""Commissions"": 435000000.0, ""FDIC Sweep Fees"": 7000000.0, ""Market Data Fees"": 18000000.0, ""Risk Exposure Fees"": 26000000.0, ""Payments For Order Flow"": 12000000.0}","{""product"": {""Others"": 9000000.0, ""Commissions"": 435000000.0, ""FDIC Sweep Fees"": 7000000.0, ""Market Data Fees"": 18000000.0, ""Risk Exposure Fees"": 26000000.0, ""Payments For Order Flow"": 12000000.0}, ""geography"": {""International"": 402000000.0, ""United States"": 963000000.0}}"
456ec0686fe04c388f34447e3a6e5367,FITB,QUARTERLY,2017-09-30,1152000000.0000,"{""Branch Banking"": 67000000.0, ""Consumer Lending"": 0.0, ""Commercial Banking"": 71000000.0, ""Investment Advisors"": 0.0}","{""segment"": {""Branch Banking"": 67000000.0, ""Consumer Lending"": 0.0, ""Commercial Banking"": 71000000.0, ""Investment Advisors"": 0.0}}"
7ae1f0b335f840d085e9f4897fcaf238,FITB,QUARTERLY,2021-09-30,1292000000.0000,"{""Commercial Banking"": 96000000.0, ""Wealth And Asset Management"": 0.0, ""Consumer and Small Business Banking"": 56000000.0}","{""segment"": {""Commercial Banking"": 96000000.0, ""Wealth And Asset Management"": 0.0, ""Consumer and Small Business Banking"": 56000000.0}}"
0feed7e286f1476180767fb096819084,DVN,QUARTERLY,2020-03-31,1367000000.0000,"{""Gas"": 92000000.0, ""NGL"": 137000000.0, ""Oil"": 329000000.0}","{""product"": {""Gas"": 92000000.0, ""NGL"": 137000000.0, ""Oil"": 329000000.0}}"
644d63b180574d78b2bb3e7ee32be545,FITB,ANNUAL,2021-12-31,5211000000.0000,"{""Commercial Banking"": 385000000.0, ""Wealth And Asset Management"": 1000000.0, ""Consumer and Small Business Banking"": 214000000.0}","{""segment"": {""Commercial Banking"": 385000000.0, ""Wealth And Asset Management"": 1000000.0, ""Consumer and Small Business Banking"": 214000000.0}}"
e43c2eba07d1464ba989790fcc62c588,FITB,QUARTERLY,2022-03-31,1289000000.0000,"{""Commercial Banking"": 100000000.0, ""Wealth And Asset Management"": 0.0, ""Consumer and Small Business Banking"": 53000000.0}","{""segment"": {""Commercial Banking"": 100000000.0, ""Wealth And Asset Management"": 0.0, ""Consumer and Small Business Banking"": 53000000.0}}"
5930728f5f22407cb98170228c7560e6,FITB,QUARTERLY,2022-06-30,1464000000.0000,"{""Commercial Banking"": 97000000.0, ""Wealth And Asset Management"": 0.0, ""Consumer and Small Business Banking"": 57000000.0}","{""segment"": {""Commercial Banking"": 97000000.0, ""Wealth And Asset Management"": 0.0, ""Consumer and Small Business Banking"": 57000000.0}}"
7c1f4c897e1a4591a43ebb28be2f79bc,FITB,ANNUAL,2023-12-31,9760000000.0000,"{""Commercial Banking"": 464000000.0, ""Wealth And Asset Management"": 1000000.0, ""Consumer and Small Business Banking"": 94000000.0}","{""segment"": {""Commercial Banking"": 464000000.0, ""Wealth And Asset Management"": 1000000.0, ""Consumer and Small Business Banking"": 94000000.0}}"
0029a0777c8c4c1bb99d5977642d1550,FITB,QUARTERLY,2024-03-31,2608000000.0000,"{""Commercial Banking"": 125000000.0, ""Wealth And Asset Management"": 0.0, ""Consumer and Small Business Banking"": 20000000.0}","{""segment"": {""Commercial Banking"": 125000000.0, ""Wealth And Asset Management"": 0.0, ""Consumer and Small Business Banking"": 20000000.0}}"
cfda8de1ea7540f7b82ffd25c8e3513d,FITB,QUARTERLY,2025-03-31,2432000000.0000,"{""Commercial Banking"": 133000000.0, ""Wealth And Asset Management"": 0.0, ""Consumer and Small Business Banking"": 20000000.0}","{""segment"": {""Commercial Banking"": 133000000.0, ""Wealth And Asset Management"": 0.0, ""Consumer and Small Business Banking"": 20000000.0}}"
a57f7c671e6e46e1ab4e25c7a3b198ee,DVN,ANNUAL,2019-12-31,6674000000.0000,"{""Gas"": 645000000.0, ""NGL"": 686000000.0, ""Oil"": 1534000000.0}","{""product"": {""Gas"": 645000000.0, ""NGL"": 686000000.0, ""Oil"": 1534000000.0}}"
a3f48a2c69d544e0ac8758365cd9066c,HBAN,QUARTERLY,2018-03-31,914000000.0000,"{""RBPCG"": 51000000.0, ""Vehicle Finance"": 2000000.0, ""Commercial Banking"": 20000000.0, ""Consumer & Business Banking"": 140000000.0}","{""product"": {""Other income"": 14000000.0, ""Insurance income"": 21000000.0, ""Card and payment processing income"": 49000000.0, ""Service charges on deposit accounts"": 86000000.0, ""Trust and investment management services"": 44000000.0}, ""segment"": {""RBPCG"": 51000000.0, ""Vehicle Finance"": 2000000.0, ""Commercial Banking"": 20000000.0, ""Consumer & Business Banking"": 140000000.0}}"
854cbf97827f4c809e09617cf29b6c88,KEY,ANNUAL,2018-12-31,6455000000.0000,"{""Key Community Bank"": 763000000.0, ""Key Corporate Bank"": 553000000.0}","{""product"": {""Cards And Payments"": 263000000.0, ""Other noninterest income"": 18000000.0, ""Trust And Investment Services"": 426000000.0, ""Service charges on deposit accounts"": 349000000.0, ""Investment Banking And Debt Placement"": 260000000.0}, ""segment"": {""Key Community Bank"": 763000000.0, ""Key Corporate Bank"": 553000000.0}}"
8ef68e939be0426f8ef04f34aa5e98b6,KEY,QUARTERLY,2018-03-31,1553000000.0000,"{""Community Banking"": 199000000.0, ""Key Corporate Bank"": 121000000.0}","{""product"": {""Cards And Payments"": 60000000.0, ""Other noninterest income"": 5000000.0, ""Trust And Investment Services"": 119000000.0, ""Service charges on deposit accounts"": 89000000.0, ""Investment Banking And Debt Placement"": 47000000.0}, ""segment"": {""Community Banking"": 199000000.0, ""Key Corporate Bank"": 121000000.0}}"
a4fbddd84c9a4f53bf5a17c0b249990c,KEY,QUARTERLY,2018-09-30,1602000000.0000,"{""Consumer Bank"": 192000000.0, ""Commercial Bank"": 142000000.0}","{""product"": {""Other noninterest income"": 6000000.0, ""Cards and payments income"": 67000000.0, ""Service charges on deposit accounts"": 85000000.0, ""Trust and investment services income"": 106000000.0, ""Investment banking and debt placement fees"": 70000000.0}, ""segment"": {""Consumer Bank"": 192000000.0, ""Commercial Bank"": 142000000.0}}"
2b4331cbdcde4114bbdb57d10bbd155c,KEY,QUARTERLY,2021-06-30,1773000000.0000,"{""Consumer Bank"": 202000000.0, ""Commercial Bank"": 234000000.0}","{""product"": {""Other noninterest income"": 2000000.0, ""Cards and payments income"": 111000000.0, ""Services charges on deposit accounts"": 82000000.0, ""Trust and investment services income"": 120000000.0, ""Investment banking and debt placement fees"": 121000000.0}, ""segment"": {""Consumer Bank"": 202000000.0, ""Commercial Bank"": 234000000.0}}"
70d0ad5dccac446a941d9c70d0012198,KEY,QUARTERLY,2021-09-30,1822000000.0000,"{""Consumer Bank"": 209000000.0, ""Commercial Bank"": 281000000.0}","{""product"": {""Other noninterest income"": 2000000.0, ""Cards and payments income"": 107000000.0, ""Services charges on deposit accounts"": 91000000.0, ""Trust and investment services income"": 121000000.0, ""Investment banking and debt placement fees"": 169000000.0}, ""segment"": {""Consumer Bank"": 209000000.0, ""Commercial Bank"": 281000000.0}}"
bd5e2027525f4aeeb3c0dc962fc4151c,KEY,QUARTERLY,2022-03-31,1696000000.0000,"{""Consumer Bank"": 205000000.0, ""Commercial Bank"": 199000000.0}","{""product"": {""Other noninterest income"": 2000000.0, ""Cards and payments income"": 78000000.0, ""Services charges on deposit accounts"": 91000000.0, ""Trust and investment services income"": 124000000.0, ""Investment banking and debt placement fees"": 109000000.0}, ""segment"": {""Consumer Bank"": 205000000.0, ""Commercial Bank"": 199000000.0}}"
35a3cf5586374bdd8dd070db363db9d3,KEY,QUARTERLY,2022-06-30,1792000000.0000,"{""Consumer Bank"": 209000000.0, ""Commercial Bank"": 192000000.0}","{""product"": {""Other noninterest income"": 3000000.0, ""Cards and payments income"": 83000000.0, ""Services charges on deposit accounts"": 96000000.0, ""Trust and investment services income"": 121000000.0, ""Investment banking and debt placement fees"": 98000000.0}, ""segment"": {""Consumer Bank"": 209000000.0, ""Commercial Bank"": 192000000.0}}"
d264cd8b9cb445bd853dcd8de652b863,KEY,QUARTERLY,2022-09-30,1886000000.0000,"{""Consumer Bank"": 200000000.0, ""Commercial Bank"": 177000000.0}","{""product"": {""Other noninterest income"": 3000000.0, ""Cards and payments income"": 62000000.0, ""Services charges on deposit accounts"": 92000000.0, ""Trust and investment services income"": 118000000.0, ""Investment banking and debt placement fees"": 102000000.0}, ""segment"": {""Consumer Bank"": 200000000.0, ""Commercial Bank"": 177000000.0}}"
54792313d9fc4a089d483552be121450,KEY,QUARTERLY,2024-09-30,2175000000.0000,"{""Consumer Bank"": 197000000.0, ""Commercial Bank"": 222000000.0}","{""product"": {""Other noninterest income"": 3000000.0, ""Cards and payments income"": 90000000.0, ""Services charges on deposit accounts"": 67000000.0, ""Trust and investment services income"": 131000000.0, ""Investment banking and debt placement fees"": 128000000.0}, ""segment"": {""Consumer Bank"": 197000000.0, ""Commercial Bank"": 222000000.0}}"
8ffba93fa96a4a49bfd3a00f5eb1e28e,KEY,ANNUAL,2024-12-31,4619000000.0000,"{""Consumer Bank"": 774000000.0, ""Commercial Bank"": 869000000.0}","{""product"": {""Other noninterest income"": 12000000.0, ""Cards and payments income"": 331000000.0, ""Services charges on deposit accounts"": 261000000.0, ""Trust and investment services income"": 518000000.0, ""Investment banking and debt placement fees"": 521000000.0}, ""segment"": {""Consumer Bank"": 774000000.0, ""Commercial Bank"": 869000000.0}}"
3f88112b736f45978144d70411a897ce,KEY,QUARTERLY,2025-03-31,1773000000.0000,"{""Consumer Bank"": 190000000.0, ""Commercial Bank"": 221000000.0}","{""product"": {""Other noninterest income"": 2000000.0, ""Cards and payments income"": 82000000.0, ""Services charges on deposit accounts"": 68000000.0, ""Trust and investment services income"": 132000000.0, ""Investment banking and debt placement fees"": 127000000.0}, ""segment"": {""Consumer Bank"": 190000000.0, ""Commercial Bank"": 221000000.0}}"
380c1231130e4abc933f639279c65c2e,KEY,QUARTERLY,2025-06-30,1840000000.0000,"{""Consumer Bank"": 199000000.0, ""Commercial Bank"": 226000000.0}","{""product"": {""Other noninterest income"": 2000000.0, ""Cards and payments income"": 84000000.0, ""Service charges on deposit accounts"": 73000000.0, ""Trust and investment services income"": 136000000.0, ""Investment banking and debt placement fees"": 130000000.0}, ""segment"": {""Consumer Bank"": 199000000.0, ""Commercial Bank"": 226000000.0}}"
d004b2b5a40446b08a4bbaec8e9be3bb,KEY,ANNUAL,2025-12-31,7513000000.0000,"{""Consumer Bank"": 810000000.0, ""Commercial Bank"": 939000000.0}","{""product"": {""Other noninterest income"": 8000000.0, ""Cards and payments income"": 337000000.0, ""Services charges on deposit accounts"": 295000000.0, ""Trust and investment services income"": 558000000.0, ""Investment banking and debt placement fees"": 551000000.0}, ""segment"": {""Consumer Bank"": 810000000.0, ""Commercial Bank"": 939000000.0}}"
e2ef6972cf78441a9afe48bdd81f69b8,KEY,QUARTERLY,2026-03-31,1953000000.0000,"{""Consumer Bank"": 206000000.0, ""Commercial Bank"": 256000000.0}","{""product"": {""Other noninterest income"": 3000000.0, ""Cards and payments income"": 82000000.0, ""Services charges on deposit accounts"": 77000000.0, ""Trust and investment services income"": 148000000.0, ""Investment banking and debt placement fees"": 152000000.0}, ""segment"": {""Consumer Bank"": 206000000.0, ""Commercial Bank"": 256000000.0}}"
6d8316be9faf4f7789394d027ca68717,KEY,QUARTERLY,2026-06-30,1964000000.0000,"{""Consumer Bank"": 215000000.0, ""Commercial Bank"": 234000000.0}","{""product"": {""Other noninterest income"": 3000000.0, ""Cards and payments income"": 92000000.0, ""Service charges on deposit accounts"": 77000000.0, ""Trust and investment services income"": 154000000.0, ""Investment banking and debt placement fees"": 123000000.0}, ""segment"": {""Consumer Bank"": 215000000.0, ""Commercial Bank"": 234000000.0}}"
f3a02dc89b14495b9d6a230ddaa7431b,KKR,QUARTERLY,2020-06-30,1331994000.0000,"{""Fee Credits"": -60872000.0, ""Incentive Fees"": 0.0, ""Consulting Fees"": 17195000.0, ""Management Fees"": 219736000.0, ""Monitoring Fees"": 26902000.0, ""Transaction Fees"": 161458000.0, ""Oil and Gas Revenue"": 1052000.0, ""Expense Reimbursement"": 28002000.0}","{""product"": {""Fee Credits"": -60872000.0, ""Incentive Fees"": 0.0, ""Consulting Fees"": 17195000.0, ""Management Fees"": 219736000.0, ""Monitoring Fees"": 26902000.0, ""Transaction Fees"": 161458000.0, ""Oil and Gas Revenue"": 1052000.0, ""Expense Reimbursement"": 28002000.0}}"
89f1dd01f12b47679f09e2fae356ca58,KKR,QUARTERLY,2020-09-30,1895238000.0000,"{""Fee Credits"": -89487000.0, ""Incentive Fees"": 63000.0, ""Consulting Fees"": 17428000.0, ""Management Fees"": 254467000.0, ""Monitoring Fees"": 28824000.0, ""Transaction Fees"": 300805000.0, ""Oil and Gas Revenue"": 6687000.0, ""Expense Reimbursement"": 44553000.0}","{""product"": {""Fee Credits"": -89487000.0, ""Incentive Fees"": 63000.0, ""Consulting Fees"": 17428000.0, ""Management Fees"": 254467000.0, ""Monitoring Fees"": 28824000.0, ""Transaction Fees"": 300805000.0, ""Oil and Gas Revenue"": 6687000.0, ""Expense Reimbursement"": 44553000.0}}"
e6e2777de1b247b091197d714b41c140,OKE,ANNUAL,2018-12-31,12593196000.0000,"{""Total Segments"": 593032000.0, ""Natural Gas Liquids"": 199018000.0, ""Natural Gas Pipelines"": 394014000.0, ""Natural Gas Gathering and Processing"": 0.0}","{""product"": {""Other"": 29091000.0, ""NGL and Condensate Sales"": 10301496000.0, ""Residue Natural Gas Sales"": 1091102000.0, ""Transportation and Storage Revenue"": 603437000.0, ""Gathering and Exchange Services Revenue"": 568070000.0}, ""segment"": {""Total Segments"": 593032000.0, ""Natural Gas Liquids"": 199018000.0, ""Natural Gas Pipelines"": 394014000.0, ""Natural Gas Gathering and Processing"": 0.0}}"
9deb814efb4747309cd626f2b9b3d1e7,KEY,QUARTERLY,2018-06-30,1647000000.0000,"{""Consumer Bank"": 198000000.0, ""Commercial Bank"": 144000000.0}","{""product"": {""Other noninterest income"": 5000000.0, ""Cards and payments income"": 69000000.0, ""Service charges on deposit accounts"": 90000000.0, ""Trust and investment services income"": 110000000.0, ""Investment banking and debt placement fees"": 68000000.0}, ""segment"": {""Consumer Bank"": 198000000.0, ""Commercial Bank"": 144000000.0}}"
691ab5376c2a4174bb1f84f31a0a4843,ECHO,QUARTERLY,2022-06-30,4698483000.0000,"{""Hughes"": 491841000.0, ""EchoStar Satellite Services segment"": 4850000.0}","{""product"": {""Total equipment revenue"": 84619000.0, ""Services and other revenue"": 414697000.0}, ""segment"": {""Hughes"": 491841000.0, ""EchoStar Satellite Services segment"": 4850000.0}, ""geography"": {""Other"": 51049000.0, ""North America"": 406173000.0, ""South and Central America"": 42094000.0}}"
4f3d004a6ddf40dd8abca6bf8c37f811,MET,QUARTERLY,2019-06-30,17497000000.0000,"{""Prepaid legal plans"": 86000000.0, ""Fee-based investment management"": 69000000.0, ""Administrative services-only contracts"": 53000000.0, ""Recordkeeping and administrative services"": 52000000.0, ""Other revenue from service contracts from customers"": 64000000.0}","{""product"": {""Prepaid legal plans"": 86000000.0, ""Fee-based investment management"": 69000000.0, ""Administrative services-only contracts"": 53000000.0, ""Recordkeeping and administrative services"": 52000000.0, ""Other revenue from service contracts from customers"": 64000000.0}}"
3bf391fb6be644db8128746e3fa2512c,MET,QUARTERLY,2019-09-30,18678000000.0000,"{""Prepaid legal plans"": 87000000.0, ""Fee-based investment management"": 67000000.0, ""Administrative services-only contracts"": 53000000.0, ""Recordkeeping and administrative services (1)"": 52000000.0, ""Other revenue from service contracts from customers"": 54000000.0}","{""product"": {""Prepaid legal plans"": 87000000.0, ""Fee-based investment management"": 67000000.0, ""Administrative services-only contracts"": 53000000.0, ""Recordkeeping and administrative services (1)"": 52000000.0, ""Other revenue from service contracts from customers"": 54000000.0}}"
4bc7ee110c03486098f20bcc3d9ee832,MET,ANNUAL,2019-12-31,69620000000.0000,"{""Prepaid legal plans"": 347000000.0, ""Fee-based investment management"": 286000000.0, ""Vision fee for service arrangements"": 0.0, ""Administrative services-only contracts"": 210000000.0, ""Recordkeeping and administrative services (2)"": 206000000.0, ""Other revenue from service contracts from customers"": 240000000.0}","{""product"": {""Prepaid legal plans"": 347000000.0, ""Fee-based investment management"": 286000000.0, ""Vision fee for service arrangements"": 0.0, ""Administrative services-only contracts"": 210000000.0, ""Recordkeeping and administrative services (2)"": 206000000.0, ""Other revenue from service contracts from customers"": 240000000.0}}"
e3d9a36f27f644519bdf0458b8a096a0,MET,QUARTERLY,2021-03-31,15562000000.0000,"{""Prepaid legal plans"": 109000000.0, ""Fee-based investment management"": 85000000.0, ""Vision fee for service arrangements"": 140000000.0, ""Administrative services-only contracts"": 61000000.0, ""Recordkeeping and administrative services (1)"": 53000000.0, ""Other revenue from service contracts from customers"": 67000000.0}","{""product"": {""Prepaid legal plans"": 109000000.0, ""Fee-based investment management"": 85000000.0, ""Vision fee for service arrangements"": 140000000.0, ""Administrative services-only contracts"": 61000000.0, ""Recordkeeping and administrative services (1)"": 53000000.0, ""Other revenue from service contracts from customers"": 67000000.0}}"
35254a387f1142fcb2d9565cbb378c22,MET,QUARTERLY,2020-03-31,18310000000.0000,"{""Prepaid legal plans"": 101000000.0, ""Fee-based investment management"": 79000000.0, ""Administrative services-only contracts"": 56000000.0, ""Vision fee for service arrangements (1)"": 0.0, ""Recordkeeping and administrative services (2)"": 49000000.0, ""Other revenue from service contracts from customers"": 60000000.0}","{""product"": {""Prepaid legal plans"": 101000000.0, ""Fee-based investment management"": 79000000.0, ""Administrative services-only contracts"": 56000000.0, ""Vision fee for service arrangements (1)"": 0.0, ""Recordkeeping and administrative services (2)"": 49000000.0, ""Other revenue from service contracts from customers"": 60000000.0}}"
fc15d589740544059e1819025c1cba4e,MET,QUARTERLY,2020-06-30,14099000000.0000,"{""Prepaid legal plans"": 99000000.0, ""Fee-based investment management"": 71000000.0, ""Administrative services-only contracts"": 54000000.0, ""Vision fee for service arrangements (1)"": 0.0, ""Recordkeeping and administrative services (2)"": 46000000.0, ""Other revenue from service contracts from customers"": 54000000.0}","{""product"": {""Prepaid legal plans"": 99000000.0, ""Fee-based investment management"": 71000000.0, ""Administrative services-only contracts"": 54000000.0, ""Vision fee for service arrangements (1)"": 0.0, ""Recordkeeping and administrative services (2)"": 46000000.0, ""Other revenue from service contracts from customers"": 54000000.0}, ""segment"": {""Asia"": 2785000000.0, ""EMEA"": 723000000.0, ""U.S."": 7117000000.0, ""Latin America"": 997000000.0, ""MetLife Holdings"": 2189000000.0, ""Corporate & Other"": 34000000.0}}"
0b7bdbe56d5e4763a487f113be347acf,MET,QUARTERLY,2021-06-30,18524000000.0000,"{""Prepaid legal plans"": 108000000.0, ""Fee-based investment management"": 86000000.0, ""Vision fee for service arrangements"": 135000000.0, ""Administrative services-only contracts"": 58000000.0, ""Recordkeeping and administrative services (1)"": 53000000.0, ""Other revenue from service contracts from customers"": 74000000.0}","{""product"": {""Prepaid legal plans"": 108000000.0, ""Fee-based investment management"": 86000000.0, ""Vision fee for service arrangements"": 135000000.0, ""Administrative services-only contracts"": 58000000.0, ""Recordkeeping and administrative services (1)"": 53000000.0, ""Other revenue from service contracts from customers"": 74000000.0}}"
72a734db7c9b46a1ba9eb6199768ef6d,MET,QUARTERLY,2021-09-30,16905000000.0000,"{""Prepaid legal plans"": 107000000.0, ""Fee-based investment management"": 95000000.0, ""Vision fee for service arrangements"": 135000000.0, ""Administrative services-only contracts"": 56000000.0, ""Recordkeeping and administrative services (1)"": 54000000.0, ""Other revenue from service contracts from customers"": 69000000.0}","{""product"": {""Prepaid legal plans"": 107000000.0, ""Fee-based investment management"": 95000000.0, ""Vision fee for service arrangements"": 135000000.0, ""Administrative services-only contracts"": 56000000.0, ""Recordkeeping and administrative services (1)"": 54000000.0, ""Other revenue from service contracts from customers"": 69000000.0}, ""segment"": {""Asia"": 3442000000.0, ""EMEA"": 716000000.0, ""U.S."": 8506000000.0, ""Latin America"": 1294000000.0, ""MetLife Holdings"": 2912000000.0, ""Corporate & Other"": 217000000.0}}"
494c5f27a69a4abe809e0d073cd32685,MET,QUARTERLY,2022-03-31,15405000000.0000,"{""Prepaid legal plans"": 120000000.0, ""Fee-based investment management"": 102000000.0, ""Vision fee for service arrangements"": 154000000.0, ""Administrative services-only contracts"": 59000000.0, ""Recordkeeping and administrative services (1)"": 47000000.0, ""Other revenue from service contracts from customers"": 68000000.0}","{""product"": {""Prepaid legal plans"": 120000000.0, ""Fee-based investment management"": 102000000.0, ""Vision fee for service arrangements"": 154000000.0, ""Administrative services-only contracts"": 59000000.0, ""Recordkeeping and administrative services (1)"": 47000000.0, ""Other revenue from service contracts from customers"": 68000000.0}}"
0fe342cce9db41579b6ddf38db7715ef,MET,QUARTERLY,2022-06-30,15474000000.0000,"{""Prepaid legal plans"": 118000000.0, ""Fee-based investment management"": 100000000.0, ""Vision fee for service arrangements"": 138000000.0, ""Administrative services-only contracts"": 59000000.0, ""Recordkeeping and administrative services (1)"": 43000000.0, ""Other revenue from service contracts from customers"": 67000000.0}","{""product"": {""Prepaid legal plans"": 118000000.0, ""Fee-based investment management"": 100000000.0, ""Vision fee for service arrangements"": 138000000.0, ""Administrative services-only contracts"": 59000000.0, ""Recordkeeping and administrative services (1)"": 43000000.0, ""Other revenue from service contracts from customers"": 67000000.0}}"
c20b2eb3f1984dbc87f1263488ecf23f,MET,QUARTERLY,2023-03-31,15388000000.0000,"{""Prepaid legal plans"": 131000000.0, ""Fee-based investment management"": 100000000.0, ""Vision fee for service arrangements"": 159000000.0, ""Administrative services-only contracts"": 64000000.0, ""Recordkeeping and administrative services (1)"": 37000000.0, ""Other revenue from service contracts from customers"": 71000000.0}","{""product"": {""Prepaid legal plans"": 131000000.0, ""Fee-based investment management"": 100000000.0, ""Vision fee for service arrangements"": 159000000.0, ""Administrative services-only contracts"": 64000000.0, ""Recordkeeping and administrative services (1)"": 37000000.0, ""Other revenue from service contracts from customers"": 71000000.0}}"
f3fcfc1c469c42ab9c8fbe665ebb9c54,MET,QUARTERLY,2024-06-30,17823000000.0000,"{""Prepaid legal plans"": 145000000.0, ""Fee-based investment management"": 98000000.0, ""Vision fee for service arrangements"": 130000000.0, ""Administrative services-only contracts"": 69000000.0, ""Recordkeeping and administrative services (1)"": 37000000.0, ""Other revenue from service contracts from customers"": 79000000.0}","{""product"": {""Prepaid legal plans"": 145000000.0, ""Fee-based investment management"": 98000000.0, ""Vision fee for service arrangements"": 130000000.0, ""Administrative services-only contracts"": 69000000.0, ""Recordkeeping and administrative services (1)"": 37000000.0, ""Other revenue from service contracts from customers"": 79000000.0}}"
ea40653fe656483c9aed886e9853cf24,MET,QUARTERLY,2025-03-31,18569000000.0000,"{""Prepaid legal plans"": 161000000.0, ""Vision fee for service arrangements"": 154000000.0, ""Administrative services-only contracts"": 74000000.0, ""Recordkeeping and administrative services (2)"": 36000000.0, ""Institutional Client asset management fees (1)"": 77000000.0, ""Other revenue related to service contracts from customers (1) (3)"": 109000000.0}","{""product"": {""Prepaid legal plans"": 161000000.0, ""Vision fee for service arrangements"": 154000000.0, ""Administrative services-only contracts"": 74000000.0, ""Recordkeeping and administrative services (2)"": 36000000.0, ""Institutional Client asset management fees (1)"": 77000000.0, ""Other revenue related to service contracts from customers (1) (3)"": 109000000.0}, ""segment"": {""RIS"": 4597000000.0, ""Asia"": 2887000000.0, ""EMEA"": 726000000.0, ""Latin America"": 1920000000.0, ""Group Benefits"": 6745000000.0, ""MetLife Holdings"": 1769000000.0}}"
032565b1037248bc80f17a711648aa33,MET,QUARTERLY,2025-09-30,17361000000.0000,"{""Prepaid legal plans"": 160000000.0, ""Asset management fees"": 123000000.0, ""Vision fee for service arrangements"": 134000000.0, ""Administrative services-only contracts"": 72000000.0, ""Recordkeeping and administrative services (1)"": 36000000.0, ""Other revenue from service contracts from customers"": 96000000.0}","{""product"": {""Prepaid legal plans"": 160000000.0, ""Asset management fees"": 123000000.0, ""Vision fee for service arrangements"": 134000000.0, ""Administrative services-only contracts"": 72000000.0, ""Recordkeeping and administrative services (1)"": 36000000.0, ""Other revenue from service contracts from customers"": 96000000.0}, ""segment"": {""RIS"": 3352000000.0, ""Asia"": 3094000000.0, ""EMEA"": 794000000.0, ""Latin America"": 2077000000.0, ""Group Benefits"": 6627000000.0, ""MetLife Holdings"": 1754000000.0}}"
0e4e4c196bd64b85888e7ed628a5016a,MET,ANNUAL,2025-12-31,77084000000.0000,"{""ASO contracts"": 295000000.0, ""Prepaid legal plans"": 637000000.0, ""Vision fee for service arrangements"": 561000000.0, ""Recordkeeping and administrative services (2)"": 142000000.0, ""Institutional Client asset management fees (1)"": 369000000.0, ""Other revenue from service contracts from customers"": 432000000.0}","{""product"": {""ASO contracts"": 295000000.0, ""Prepaid legal plans"": 637000000.0, ""Vision fee for service arrangements"": 561000000.0, ""Recordkeeping and administrative services (2)"": 142000000.0, ""Institutional Client asset management fees (1)"": 369000000.0, ""Other revenue from service contracts from customers"": 432000000.0}}"
e7c87bfa88af4799b41235736128cc46,MET,QUARTERLY,2026-03-31,19074000000.0000,"{""Prepaid legal plans"": 176000000.0, ""Vision fee for service arrangements"": 159000000.0, ""Administrative services-only contracts"": 81000000.0, ""Recordkeeping and administrative services (2)"": 34000000.0, ""Institutional Client asset management fees (1)"": 186000000.0, ""Other revenue related to service contracts from customers (1) (3)"": 98000000.0}","{""product"": {""Prepaid legal plans"": 176000000.0, ""Vision fee for service arrangements"": 159000000.0, ""Administrative services-only contracts"": 81000000.0, ""Recordkeeping and administrative services (2)"": 34000000.0, ""Institutional Client asset management fees (1)"": 186000000.0, ""Other revenue related to service contracts from customers (1) (3)"": 98000000.0}}"
65165f460fd84b34aaa721a57ca5137f,KEY,ANNUAL,2021-12-31,7292000000.0000,"{""Consumer Bank"": 806000000.0, ""Commercial Bank"": 1017000000.0}","{""product"": {""Other noninterest income"": 9000000.0, ""Cards and payments income"": 407000000.0, ""Services charges on deposit accounts"": 337000000.0, ""Trust and investment services income"": 484000000.0, ""Investment banking and debt placement fees"": 586000000.0}, ""segment"": {""Consumer Bank"": 806000000.0, ""Commercial Bank"": 1017000000.0}}"
46cff084d8a24a30a7a1737eead37e22,KKR,QUARTERLY,2018-09-30,1129666000.0000,"{""Fee Credits"": -73904000.0, ""Incentive Fees"": 0.0, ""Consulting Fees"": 15114000.0, ""Management Fees"": 188866000.0, ""Monitoring Fees"": 20176000.0, ""Transaction Fees"": 290404000.0, ""Oil and Gas Revenue"": 12635000.0, ""Expense Reimbursement"": 38212000.0}","{""product"": {""Fee Credits"": -73904000.0, ""Incentive Fees"": 0.0, ""Consulting Fees"": 15114000.0, ""Management Fees"": 188866000.0, ""Monitoring Fees"": 20176000.0, ""Transaction Fees"": 290404000.0, ""Oil and Gas Revenue"": 12635000.0, ""Expense Reimbursement"": 38212000.0}}"
fd6c3b64c0134ccdae91dde07af4474a,KKR,QUARTERLY,2019-06-30,1179864000.0000,"{""Fee Credits"": -91862000.0, ""Incentive Fees"": 0.0, ""Consulting Fees"": 18877000.0, ""Management Fees"": 206097000.0, ""Monitoring Fees"": 26424000.0, ""Transaction Fees"": 304889000.0, ""Oil and Gas Revenue"": 12275000.0, ""Expense Reimbursement"": 42741000.0}","{""product"": {""Fee Credits"": -91862000.0, ""Incentive Fees"": 0.0, ""Consulting Fees"": 18877000.0, ""Management Fees"": 206097000.0, ""Monitoring Fees"": 26424000.0, ""Transaction Fees"": 304889000.0, ""Oil and Gas Revenue"": 12275000.0, ""Expense Reimbursement"": 42741000.0}}"
378f189103da4a8fb2edf80c1fa50866,KKR,ANNUAL,2017-12-31,3557280000.0000,"{""Fee Credits"": -257401000.0, ""Incentive Fees"": 4601000.0, ""Consulting Fees"": 42582000.0, ""Management Fees"": 700245000.0, ""Monitoring Fees"": 82238000.0, ""Transaction Fees"": 783952000.0, ""Oil and Gas Revenue"": 63460000.0, ""Expense Reimbursement"": 121927000.0}","{""product"": {""Fee Credits"": -257401000.0, ""Incentive Fees"": 4601000.0, ""Consulting Fees"": 42582000.0, ""Management Fees"": 700245000.0, ""Monitoring Fees"": 82238000.0, ""Transaction Fees"": 783952000.0, ""Oil and Gas Revenue"": 63460000.0, ""Expense Reimbursement"": 121927000.0}}"
8edbb9c794fc4ee19f1c3c8ff502df9b,KKR,ANNUAL,2019-12-31,4220900000.0000,"{""Fee Credits"": -340900000.0, ""Incentive Fees"": 0.0, ""Consulting Fees"": 69286000.0, ""Management Fees"": 824903000.0, ""Monitoring Fees"": 106289000.0, ""Transaction Fees"": 914329000.0, ""Oil and Gas Revenue"": 47153000.0, ""Expense Reimbursement"": 169415000.0}","{""product"": {""Fee Credits"": -340900000.0, ""Incentive Fees"": 0.0, ""Consulting Fees"": 69286000.0, ""Management Fees"": 824903000.0, ""Monitoring Fees"": 106289000.0, ""Transaction Fees"": 914329000.0, ""Oil and Gas Revenue"": 47153000.0, ""Expense Reimbursement"": 169415000.0}}"
219f1f4e60e64d3f8f2181d0cebbd7d1,KKR,QUARTERLY,2019-03-31,1187480000.0000,"{""Fee Credits"": -103477000.0, ""Incentive Fees"": 0.0, ""Consulting Fees"": 16528000.0, ""Management Fees"": 188408000.0, ""Monitoring Fees"": 25651000.0, ""Transaction Fees"": 188203000.0, ""Oil and Gas Revenue"": 13175000.0, ""Expense Reimbursement"": 44060000.0}","{""product"": {""Fee Credits"": -103477000.0, ""Incentive Fees"": 0.0, ""Consulting Fees"": 16528000.0, ""Management Fees"": 188408000.0, ""Monitoring Fees"": 25651000.0, ""Transaction Fees"": 188203000.0, ""Oil and Gas Revenue"": 13175000.0, ""Expense Reimbursement"": 44060000.0}}"
251226bdec9e40e2890967413fcec0bd,MTB,QUARTERLY,2023-06-30,2516000000.0000,"{""Retail Bank"": 114000000.0, ""Commercial Bank"": 64000000.0, ""Institutional Services and Wealth Management"": 198000000.0}","{""product"": {""Other"": 18000000.0, ""Trust income"": 172000000.0, ""Brokerage services income"": 25000000.0, ""Service charges on deposit accounts"": 119000000.0, ""Merchant discount and credit card interchange fees"": 42000000.0}, ""segment"": {""Retail Bank"": 114000000.0, ""Commercial Bank"": 64000000.0, ""Institutional Services and Wealth Management"": 198000000.0}}"
a37b5d0f450f466faddcb00d268c5143,MTB,QUARTERLY,2024-06-30,2789000000.0000,"{""Retail Bank"": 119000000.0, ""Commercial Bank"": 68000000.0, ""Institutional Services and Wealth Management"": 201000000.0}","{""product"": {""Other"": 18000000.0, ""Trust income"": 170000000.0, ""Brokerage services income"": 30000000.0, ""Service charges on deposit accounts"": 127000000.0, ""Merchant discount and credit card interchange fees"": 43000000.0}, ""segment"": {""Retail Bank"": 119000000.0, ""Commercial Bank"": 68000000.0, ""Institutional Services and Wealth Management"": 201000000.0}}"
5466a231305e4a16941ed5c5b196548f,MTB,QUARTERLY,2024-09-30,2785000000.0000,"{""Retail Bank"": 123000000.0, ""Commercial Bank"": 69000000.0, ""Institutional Services and Wealth Management"": 202000000.0}","{""product"": {""Other"": 19000000.0, ""Trust income"": 170000000.0, ""Brokerage services income"": 32000000.0, ""Service charges on deposit accounts"": 132000000.0, ""Merchant discount and credit card interchange fees"": 41000000.0}, ""segment"": {""Retail Bank"": 123000000.0, ""Commercial Bank"": 69000000.0, ""Institutional Services and Wealth Management"": 202000000.0}}"
62a5a57c87894bcb80bdcb9673bda816,MTB,ANNUAL,2022-12-31,8179000000.0000,"{""Retail Bank"": 431000000.0, ""Commercial Bank"": 232000000.0, ""Institutional Services and Wealth Management"": 862000000.0}","{""product"": {""Other"": 90000000.0, ""Trust income"": 741000000.0, ""Brokerage services income"": 88000000.0, ""Service charges on deposit accounts"": 447000000.0, ""Merchant discount and credit card interchange fees"": 159000000.0}, ""segment"": {""Retail Bank"": 431000000.0, ""Commercial Bank"": 232000000.0, ""Institutional Services and Wealth Management"": 862000000.0}}"
f75ece2dac4d48a49efad700bc9dd7d4,MTB,ANNUAL,2024-12-31,11026000000.0000,"{""Retail Bank"": 471000000.0, ""Commercial Bank"": 272000000.0, ""Institutional Services and Wealth Management"": 798000000.0}","{""product"": {""Other"": 69000000.0, ""Trust income"": 675000000.0, ""Brokerage services income"": 121000000.0, ""Service charges on deposit accounts"": 514000000.0, ""Merchant discount and credit card interchange fees"": 162000000.0}, ""segment"": {""Retail Bank"": 471000000.0, ""Commercial Bank"": 272000000.0, ""Institutional Services and Wealth Management"": 798000000.0}}"
1edd25c35d424c719d3c86f15d2c33d7,MTB,QUARTERLY,2024-03-31,2745000000.0000,"{""Retail Bank"": 111000000.0, ""Commercial Bank"": 68000000.0, ""Institutional Services and Wealth Management"": 188000000.0}","{""product"": {""Other"": 17000000.0, ""Trust income"": 160000000.0, ""Brokerage services income"": 29000000.0, ""Service charges on deposit accounts"": 124000000.0, ""Merchant discount and credit card interchange fees"": 37000000.0}, ""segment"": {""Retail Bank"": 111000000.0, ""Commercial Bank"": 68000000.0, ""Institutional Services and Wealth Management"": 188000000.0}}"
bab865682f5e49f6bba38591b4f9c99e,MTB,QUARTERLY,2025-06-30,2609000000.0000,"{""Retail Bank"": 129000000.0, ""Commercial Bank"": 76000000.0, ""Institutional Services and Wealth Management"": 212000000.0}","{""product"": {""Other"": 21000000.0, ""Trust income"": 182000000.0, ""Brokerage services income"": 31000000.0, ""Service charges on deposit accounts"": 137000000.0, ""Merchant discount and credit card interchange fees"": 46000000.0}, ""segment"": {""Retail Bank"": 129000000.0, ""Commercial Bank"": 76000000.0, ""Institutional Services and Wealth Management"": 212000000.0}}"
efc0b1f11f894197bba85f6491d9573c,MTB,ANNUAL,2025-12-31,10486000000.0000,"{""Retail Bank"": 501000000.0, ""Commercial Bank"": 302000000.0, ""Institutional Services and Wealth Management"": 854000000.0}","{""product"": {""Other"": 78000000.0, ""Trust income"": 724000000.0, ""Brokerage services income"": 131000000.0, ""Service charges on deposit accounts"": 551000000.0, ""Merchant discount and credit card interchange fees"": 173000000.0}, ""segment"": {""Retail Bank"": 501000000.0, ""Commercial Bank"": 302000000.0, ""Institutional Services and Wealth Management"": 854000000.0}}"
0227c7d9edd64d0daad5873fcab11205,MTB,QUARTERLY,2026-03-31,2536000000.0000,"{""Retail Bank"": 121000000.0, ""Commercial Bank"": 79000000.0, ""Institutional Services and Wealth Management"": 218000000.0}","{""product"": {""Other"": 24000000.0, ""Trust income"": 183000000.0, ""Brokerage services income"": 35000000.0, ""Service charges on deposit accounts"": 139000000.0, ""Merchant discount and credit card interchange fees"": 37000000.0}, ""segment"": {""Retail Bank"": 121000000.0, ""Commercial Bank"": 79000000.0, ""Institutional Services and Wealth Management"": 218000000.0}}"
16a2944296bb47779f8682c52b513f88,MTB,QUARTERLY,2026-06-30,2620000000.0000,"{""Retail Bank"": 133000000.0, ""Commercial Bank"": 78000000.0, ""Institutional Services and Wealth Management"": 231000000.0}","{""product"": {""Other"": 21000000.0, ""Trust income"": 197000000.0, ""Brokerage services income"": 35000000.0, ""Service charges on deposit accounts"": 144000000.0, ""Merchant discount and credit card interchange fees"": 45000000.0}, ""segment"": {""Retail Bank"": 133000000.0, ""Commercial Bank"": 78000000.0, ""Institutional Services and Wealth Management"": 231000000.0}}"
2a541434548d444da2ebfc6bfbbc9a73,KEY,ANNUAL,2022-12-31,7272000000.0000,"{""Consumer Bank"": 802000000.0, ""Commercial Bank"": 792000000.0}","{""product"": {""Other noninterest income"": 11000000.0, ""Cards and payments income"": 331000000.0, ""Services charges on deposit accounts"": 350000000.0, ""Trust and investment services income"": 472000000.0, ""Investment banking and debt placement fees"": 430000000.0}, ""segment"": {""Consumer Bank"": 802000000.0, ""Commercial Bank"": 792000000.0}}"
9f5571e2b7aa4a16af353a3b8e46a389,HBAN,ANNUAL,2020-12-31,3647000000.0000,"{""RBHPCG"": 201000000.0, ""Vehicle Finance"": 8000000.0, ""Commercial Banking"": 123000000.0, ""Consumer & Business Banking"": 551000000.0}","{""product"": {""Other income"": 43000000.0, ""Insurance income"": 97000000.0, ""Capital markets fees"": 18000000.0, ""Cards and payment processing income"": 236000000.0, ""Service charges on deposit accounts"": 301000000.0, ""Trust and investment management services"": 189000000.0}, ""segment"": {""RBHPCG"": 201000000.0, ""Vehicle Finance"": 8000000.0, ""Commercial Banking"": 123000000.0, ""Consumer & Business Banking"": 551000000.0}}"
43e926d222ef4d6ca3f064dfa193acbd,HBAN,QUARTERLY,2023-03-31,2028000000.0000,"{""Commercial Banking"": 73000000.0, ""Consumer & Regional Banking"": 304000000.0}","{""product"": {""Leasing revenue"": 14000000.0, ""Insurance income"": 19000000.0, ""Capital markets fees"": 33000000.0, ""Other noninterest income"": 59000000.0, ""Customer deposit and loan fees"": 47000000.0, ""Wealth and asset management revenue"": 80000000.0, ""Payments and cash management revenue"": 125000000.0}, ""segment"": {""Commercial Banking"": 73000000.0, ""Consumer & Regional Banking"": 304000000.0}}"
a7769354d31d4509a3bac1d1294897df,HUM,ANNUAL,2020-12-31,77155000000.0000,"{""Insurance"": 813000000.0, ""CenterWell"": 1002000000.0}","{""segment"": {""Insurance"": 813000000.0, ""CenterWell"": 1002000000.0}}"
36ac7306f99e48539caa2387c034053a,HBAN,QUARTERLY,2018-06-30,972000000.0000,"{""RBPCG"": 46000000.0, ""Vehicle Finance"": 2000000.0, ""Commercial Banking"": 23000000.0, ""Consumer & Business Banking"": 146000000.0}","{""product"": {""Other income"": 11000000.0, ""Insurance income"": 21000000.0, ""Card and payment processing income"": 52000000.0, ""Service charges on deposit accounts"": 91000000.0, ""Trust and investment management services"": 42000000.0}, ""segment"": {""RBPCG"": 46000000.0, ""Vehicle Finance"": 2000000.0, ""Commercial Banking"": 23000000.0, ""Consumer & Business Banking"": 146000000.0}}"
480dd5f3de3c488ab2d30e338c93d5f6,ECHO,QUARTERLY,2022-03-31,4820832000.0000,"{""Hughes"": 494106000.0, ""EchoStar Satellite Services segment"": 4474000.0}","{""product"": {""Total equipment revenue"": 82723000.0, ""Services and other revenue"": 418811000.0}, ""segment"": {""Hughes"": 494106000.0, ""EchoStar Satellite Services segment"": 4474000.0}, ""geography"": {""Other"": 51819000.0, ""North America"": 406843000.0, ""South and Central America"": 42872000.0}}"
d9012314f7cc4643965610320e02ef67,ECHO,QUARTERLY,2022-09-30,4581914000.0000,"{""Hughes"": 489565000.0, ""EchoStar Satellite Services segment"": 4981000.0}","{""product"": {""Total equipment revenue"": 96005000.0, ""Services and other revenue"": 401382000.0}, ""segment"": {""Hughes"": 489565000.0, ""EchoStar Satellite Services segment"": 4981000.0}, ""geography"": {""Other"": 60094000.0, ""North America"": 397003000.0, ""South and Central America"": 40290000.0}}"
c8116d775b954097a4e4abbe7d89b44c,DVN,QUARTERLY,2019-09-30,1619000000.0000,"{""Gas"": 142000000.0, ""NGL"": 151000000.0, ""Oil"": 407000000.0}","{""product"": {""Gas"": 142000000.0, ""NGL"": 151000000.0, ""Oil"": 407000000.0}}"
0990f155e7b24a6e96e4eee488e2a0d6,DVN,QUARTERLY,2019-06-30,1666000000.0000,"{""Gas"": 172000000.0, ""NGL"": 164000000.0, ""Oil"": 394000000.0}","{""product"": {""Gas"": 172000000.0, ""NGL"": 164000000.0, ""Oil"": 394000000.0}}"
f4cdae2262504dc7ac5c78456d6fa58e,MET,QUARTERLY,2023-09-30,15866000000.0000,"{""Prepaid legal plans"": 128000000.0, ""Fee-based investment management"": 103000000.0, ""Vision fee for service arrangements"": 144000000.0, ""Administrative services-only contracts"": 65000000.0, ""Recordkeeping and administrative services (1)"": 39000000.0, ""Other revenue from service contracts from customers"": 75000000.0}","{""product"": {""Prepaid legal plans"": 128000000.0, ""Fee-based investment management"": 103000000.0, ""Vision fee for service arrangements"": 144000000.0, ""Administrative services-only contracts"": 65000000.0, ""Recordkeeping and administrative services (1)"": 39000000.0, ""Other revenue from service contracts from customers"": 75000000.0}}"
